species_no,q2.5,q97.5,mean,dataset
1,384.99261111142454,450.02299866370817,417.9715839564669,WA
1.1,379.4866982010374,439.6742890165255,410.23950896494097,WA
1.2,374.52897843697593,430.78467029687334,403.3078368319134,WA
1.3,370.24730855543146,422.559988472527,397.0366128308278,WA
1.4,365.9042876836501,415.5264629099755,391.31887148754987,WA
1.5,362.1036410451279,409.1449231952351,386.07112754220225,WA
1.6,358.61949822188643,402.92921465447904,381.22704341766774,WA
1.7000000000000002,355.5052663554393,397.39196666590533,376.7330840983109,WA
1.8,352.57933185936133,391.7813550460777,372.5454579154019,WA
1.9,349.78787059146606,387.094987689721,368.6279138490428,WA
2,347.06132978706023,383.0845091236619,364.9501239826239,WA
2.1,344.2391950409245,378.7777124031537,361.48647474816687,WA
2.2,341.7330820987287,374.6442523608051,358.21514947556824,WA
2.3,339.06294184532806,371.1665270428476,355.1174222386495,WA
2.4000000000000004,336.66073002877323,368.142788719909,352.1771074297606,WA
2.5,334.2227503320554,364.6194998645258,349.3801257767647,WA
2.6,331.8361014303012,361.22724505237267,346.7141585768026,WA
2.7,329.43260465752326,358.3613227300145,344.1683695684608,WA
2.8,327.3919924319663,355.7606152361176,341.7331792369175,WA
2.9000000000000004,325.2903444413441,353.1877039163495,339.4000801776656,WA
3,323.3764740410643,350.5947332666321,337.16148491322923,WA
3.1,321.3373482823777,347.9911754526623,335.01059958354296,WA
3.2,319.3231863911835,345.57941829391905,332.94131843072256,WA
3.3000000000000003,317.2271777667865,343.51825842274025,330.9481351214388,WA
3.4000000000000004,315.34218737916575,341.4911992738679,329.026067798469,WA
3.5,313.717844609602,339.5364125509645,327.17059540018516,WA
3.6,312.2012362360108,337.5358315732839,325.3776032847641,WA
3.7,310.5216253080731,335.5407840022194,323.6433365822925,WA
3.8000000000000003,308.90447821815565,333.83961509003694,321.964360000018,WA
3.9000000000000004,307.4246639467426,332.2808809076456,320.33752304387446,WA
4,305.7380612386293,330.7287649781703,318.7599298080031,WA
4.1,304.30609108581484,329.2199749432555,317.22891263448304,WA
4.2,302.91582348186756,327.85861854129786,315.74200906629585,WA
4.300000000000001,301.3327473482756,326.49994820587347,314.2969416140986,WA
4.4,299.96937071388214,325.16522737676473,312.89159993657563,WA
4.5,298.57956016727746,323.8622793920662,311.52402509876913,WA
4.6,297.0932415138458,322.5930202348088,310.1923956257941,WA
4.7,295.7072290978222,321.38737476271444,308.89501511301563,WA
4.800000000000001,294.42891620647185,320.2151491520606,307.6303011899163,WA
4.9,293.17790657762373,318.9690667779923,306.3967756649292,WA
5,291.9554185327709,317.75517252955376,305.19305570358927,WA
5.1000000000000005,290.6194063714989,316.55836930995383,304.0178459133705,WA
5.2,289.31935266081945,315.40181523780984,302.86993122624955,WA
5.3,288.20300623967466,314.3345061360402,301.74817048495333,WA
5.4,287.03794606983377,313.32662792254774,300.65149065148313,WA
5.5,286.1043172942718,312.3429196977346,299.5788815672456,WA
5.6000000000000005,285.0180645338645,311.38081315236843,298.5293912032724,WA
5.7,283.92814238090017,310.46016915161124,297.50212134683835,WA
5.800000000000001,282.7992255075746,309.5932731313601,296.49622367750027,WA
5.9,281.7471282767171,308.71235536582026,295.5108961913497,WA
6,280.71970531781756,307.85943224414643,294.54537993725455,WA
6.1000000000000005,279.6910578915229,306.97436050928985,293.59895603316585,WA
6.2,278.68281576305816,305.998111137452,292.67094293429966,WA
6.300000000000001,277.63234594134514,305.158703825749,291.76069392824684,WA
6.4,276.5920924529001,304.35932842451774,290.86759483488635,WA
6.5,275.5423760160056,303.52577371093133,289.99106189144584,WA
6.6000000000000005,274.5659232267643,302.73123577534705,289.1305398052089,WA
6.7,273.5747098096427,301.9367466001357,288.285499958263,WA
6.800000000000001,272.6016811185023,301.1886847562916,287.45543875034093,WA
6.9,271.646243377514,300.45945976870763,286.63987606727665,WA
7,270.7078304501119,299.7660698039473,285.8383538638839,WA
7.1000000000000005,269.7860663041673,299.0669409225565,285.0504348512093,WA
7.2,268.8873979450952,298.4147881989877,284.2757012791218,WA
7.300000000000001,268.03547972431,297.7709178757856,283.5137538060968,WA
7.4,267.3062760937528,297.1371693109677,282.7642104488493,WA
7.5,266.5888088560177,296.5132497942172,282.0267056051795,WA
7.6000000000000005,265.8864740134818,295.89887884133407,281.3008891440274,WA
7.7,265.19817064044594,295.29696940345093,280.58642555729625,WA
7.800000000000001,264.4443648526038,294.64484599609193,279.88299316850896,WA
7.9,263.6264262557269,294.0205348189366,279.1902833938154,WA
8,262.82126275216,293.40537507461806,278.50800005127263,WA
8.100000000000001,262.1130082363946,292.799120711304,277.83585871468495,WA
8.2,261.459532564981,292.2015352277607,277.17358610861805,WA
8.3,260.72397900131386,291.6355781043394,276.5209195414962,WA
8.4,259.9789043706518,291.10278826007,275.87760637395985,WA
8.5,259.28558583602205,290.577259944862,275.2434035198975,WA
8.600000000000001,258.60264186833075,290.0588104880089,274.61807697778687,WA
8.7,257.90057902636437,289.54726387104654,274.00140139017475,WA
8.8,257.2084134395445,289.0648416437709,273.3931596293042,WA
8.9,256.52589546764136,288.59559706250315,272.79314240705963,WA
9,255.85278448264498,288.1291960540955,272.20114790754695,WA
9.1,255.17733944108372,287.6358935993203,271.61698144075933,WA
9.200000000000001,254.50661076547001,287.11062507365733,271.040455115903,WA
9.3,253.8448684526369,286.5983757403534,270.47138753306473,WA
9.4,253.2193563527826,286.1447815972335,269.90960349200793,WA
9.5,252.62325926191284,285.69881177095476,269.35493371697373,WA
9.6,252.0085862809779,285.23593412532983,268.80721459644957,WA
9.700000000000001,251.42127072630436,284.7765462352448,268.26628793694437,WA
9.8,250.88714073580383,284.33060549302803,267.73200072988135,WA
9.9,250.3068505124071,283.8628942834182,267.20420493078245,WA
10,249.7093711822315,283.3592771908933,266.6827572499805,WA
1,427.09571728884515,482.5590500240717,453.9606743501961,YU
1.1,422.43222141360775,473.9571280213117,447.5924541502423,YU
1.2,418.25417171951403,466.58755252094625,441.85837265832515,YU
1.3,414.3519681094295,459.87401092169,436.64976280606066,YU
1.4,410.84676589631493,454.0418376981404,431.8832322369749,YU
1.5,407.40625588548414,448.28166989422687,427.4934491744217,YU
1.6,404.59203914210445,442.6774720402108,423.428319724337,YU
1.7000000000000002,401.66938419891903,437.8824222611447,419.6456669898281,YU
1.8,398.82285691675526,433.88841749677266,416.1108852576668,YU
1.9,396.1026785347247,430.18190227632357,412.7952457517103,YU
2,393.66472043963273,426.30953384498105,409.67464886321807,YU
2.1,391.0524756694712,422.6736228721208,406.72868917573004,YU
2.2,388.73841933222064,419.53596918727004,403.9399439824244,YU
2.3,386.59926617219537,416.5627466517542,401.29342432326797,YU
2.4000000000000004,384.2452140894592,413.3518063996122,398.77614608891497,YU
2.5,382.3406018198856,410.5313159228124,396.37679110680756,YU
2.6,380.3927819811055,407.90376357324675,394.08543654640596,YU
2.7,378.61423607507203,405.5749180852451,391.8933368158728,YU
2.8,376.88264653921937,402.905923560963,389.7927462311312,YU
2.9000000000000004,375.04759985078306,400.59146115882464,387.77677367363265,YU
3,373.29220511540245,398.36921697225085,385.83926257880313,YU
3.1,371.7960899603034,396.1603266255575,383.97469115558823,YU
3.2,370.243690101833,394.17288219161435,382.17808889332116,YU
3.3000000000000003,368.7414111984571,392.1390519391262,380.4449662785048,YU
3.4000000000000004,367.2239327803104,390.1454391565579,378.7712552999833,YU
3.5,365.6376763270424,388.4539853658095,377.1532588221279,YU
3.6,363.96247937139134,386.69334717936584,375.5876072919126,YU
3.7,362.38459263434436,384.9805844516086,374.07122154587245,YU
3.8000000000000003,360.93603574815455,383.4314986279529,372.601280717911,YU
3.9000000000000004,359.45753912840564,382.03333335360946,371.17519443421986,YU
4,358.2368210283191,380.5401654092247,369.7905786286846,YU
4.1,357.1180178288156,379.2221072891797,368.44523442969165,YU
4.2,355.87882556037806,377.96445199269226,367.1371296637399,YU
4.300000000000001,354.61110918265217,376.69510452519233,365.86438259764793,YU
4.4,353.48657478280836,375.48486858873616,364.62524760323925,YU
4.5,352.16474525612426,374.271833716112,363.4181024791243,YU
4.6,350.76397725373914,373.09011351207107,362.24143720585215,YU
4.7,349.51839792049446,372.026048454352,361.09384394506776,YU
4.800000000000001,348.4025269089546,371.1556351428635,359.9740081217855,YU
4.9,347.2343299323315,370.0648659210222,358.8807004525821,YU
5,345.94790055125964,368.9601021050677,357.8127698023087,YU
5.1000000000000005,344.66762080152904,367.8983800938454,356.7691367685278,YU
5.2,343.53418786368474,367.0051015279399,355.74878790685955,YU
5.3,342.4245547738613,365.98285521676087,354.7507705222339,YU
5.4,341.44453980462356,365.14758492862757,353.7741879610591,YU
5.5,340.4138028346867,364.2821325098009,352.8181953478361,YU
5.6000000000000005,339.3519225880196,363.3764526026203,351.8819957170139,YU
5.7,338.3120627960681,362.5491942155904,350.9648364971062,YU
5.800000000000001,337.29479018611687,361.7487139124348,350.06600630942444,YU
5.9,336.29634177875306,361.0028517483071,349.18483204838356,YU
6,335.4484186061236,360.23295105865355,348.320676214301,YU
6.1000000000000005,334.63220592125884,359.49250198939706,347.47293447304514,YU
6.2,333.7450587834915,358.6319588692516,346.6410334198671,YU
6.300000000000001,332.65763934027996,357.85653957216107,345.82442852734096,YU
6.4,331.70046836853453,357.18531299461654,345.0226022595962,YU
6.5,330.92782791911145,356.5257077578603,344.2350623369997,YU
6.6000000000000005,330.0295312830201,355.82786311772395,343.46134013717113,YU
6.7,329.1574044226755,355.10088634932305,342.70098921973516,YU
6.800000000000001,328.25407830858995,354.43379747072095,341.9535839635436,YU
6.9,327.4179078953034,353.87588986709716,341.2187183062785,YU
7,326.6394344284086,353.29824424654845,340.496004577383,YU
7.1000000000000005,325.79190892905933,352.6579437656283,339.78507241618485,YU
7.2,324.94723611291624,351.9709097587854,339.08556776788924,YU
7.300000000000001,324.11249469463405,351.2512115772533,338.39715195084165,YU
7.4,323.32724713384016,350.5427486640215,337.7195007891003,YU
7.5,322.5715400929674,349.96529629832486,337.05230380493083,YU
7.6000000000000005,321.8275746783642,349.4348354934039,336.39526346634597,YU
7.7,321.0950175193837,348.91209795000793,335.74809448526753,YU
7.800000000000001,320.37448860351617,348.39687308344,335.1105231622963,YU
7.9,319.6618146650532,347.8675621751826,334.482286774441,YU
8,318.9464051127192,347.31074843643887,333.86313300248474,YU
8.100000000000001,318.23770788032806,346.76172706721883,333.2528193949635,YU
8.2,317.523716928064,346.2943723011698,332.6511128659949,YU
8.3,316.8685956077555,345.92032463887926,332.0577892244352,YU
8.4,316.1912852133833,345.47177686378603,331.47263273206016,YU
8.5,315.5016990598623,345.00473353609607,330.8954356886561,YU
8.600000000000001,314.8161769573972,344.5424081289986,330.32599804208917,YU
8.7,314.14148474122214,344.09598168970285,329.76412702157626,YU
8.8,313.48313888323884,343.6529572035737,329.2096367925284,YU
8.9,312.86695484650056,343.2155005003209,328.6623481314687,YU
9,312.2514293269316,342.78104512596127,328.12208811964535,YU
9.1,311.60045703438703,342.38173021832927,327.5886898540707,YU
9.200000000000001,310.9579343211489,341.9998965517696,327.06199217481554,YU
9.3,310.3246854699032,341.55977345886873,326.54183940747834,YU
9.4,309.71194901035835,341.14356194960544,326.02808111983205,YU
9.5,309.13922352906604,340.7547306946117,325.5205718917259,YU
9.6,308.5740681667669,340.37307880735057,325.01917109738963,YU
9.700000000000001,308.01948630761933,340.0267977567572,324.5237426993495,YU
9.8,307.47157421752337,339.61933233143344,324.0341550532248,YU
9.9,306.9407281844816,339.2488729378046,323.55028072272484,YU
10,306.43791637512305,338.88382711012576,323.0719963042173,YU
1,386.0530199366573,428.2647400337744,406.61304196233203,TL
1.1,381.25442806645424,420.65810802568694,400.4135595626219,TL
1.2,376.68673946552184,413.4962782093678,394.8374615657709,TL
1.3,372.52721465632516,407.0627652601209,389.7773910190175,TL
1.4,368.8752391549003,401.5499640760851,385.15104250156975,TL
1.5,365.4578159099015,396.52129742248735,380.89399461454434,TL
1.6,362.0833834004503,391.77731439532363,376.95492287341665,TL
1.7000000000000002,359.1672890744628,387.51051445428345,373.29230614563716,TL
1.8,356.52213774479765,383.5314437439159,369.8721019881039,TL
1.9,353.86051702859396,379.8072303758253,366.6660689262973,TL
2,351.3756578411442,376.2276301808019,363.6505317195693,TL
2.1,348.85509632294304,372.86809219633415,360.8054567637864,TL
2.2,346.55015864887923,369.7041462270184,358.11374894517024,TL
2.3,344.3669207379982,366.7147749646531,355.56070943129833,TL
2.4000000000000004,342.22856530057686,363.90302407469704,353.1336122907142,TL
2.5,340.30815389525685,361.2547291823969,350.8213701176612,TL
2.6,338.3901601107423,358.71686451383005,348.6142671984683,TL
2.7,336.6230698036884,356.37929219049613,346.5037445458561,TL
2.8,334.81706844425247,354.3377569265185,344.48222520180366,TL
2.9000000000000004,333.18515877957947,352.291708889881,342.5429711191785,TL
3,331.58951021425554,350.3821258319281,340.6799650382484,TL
3.1,329.9162588801871,348.50010376857523,338.88781231750755,TL
3.2,328.2197019549716,346.69485801662285,337.1616588223254,TL
3.3000000000000003,326.6378647185196,344.9413716216184,335.4971218321485,TL
3.4000000000000004,325.18239500033894,343.01172310277246,333.8902315756855,TL
3.5,323.55494598596516,341.2427649952748,332.337381498973,TL
3.6,322.22752525384453,339.7237368218651,330.8352857529453,TL
3.7,320.68604692324186,338.26993038835866,329.380942683629,TL
3.8000000000000003,319.2276714593236,336.8675565998178,327.9716033401352,TL
3.9000000000000004,317.8433442309609,335.4045763649215,326.60474419855825,TL
4,316.539187586865,333.9685927119019,325.27804344507183,TL
4.1,315.29111283473094,332.5401599182653,323.9893602774805,TL
4.2,314.06940606613995,331.3701639500467,322.73671677767754,TL
4.300000000000001,312.836775416335,330.1004482381413,321.51828198277303,TL
4.4,311.6682316453613,329.0257806888378,320.3323578438631,TL
4.5,310.53476212496213,327.9696260763325,319.17736681140315,TL
4.6,309.4447586898097,326.9692595472968,318.05184082718216,TL
4.7,308.301364721509,325.88250368547847,316.9544115367408,TL
4.800000000000001,307.2163503984286,324.81963258634613,315.883801564106,TL
4.9,306.09364047740695,323.8426623820967,314.8388167140404,TL
5,305.02607865266253,322.89720984467954,313.8183389864829,TL
5.1000000000000005,303.9855249776474,321.9186303108307,312.82132030419484,TL
5.2,302.84046458767523,321.05455182664167,311.8467768683754,TL
5.3,301.69043242434856,320.1054750526693,310.8937840686236,TL
5.4,300.5943771534145,319.23923785001284,309.9614718834709,TL
5.5,299.6323299847397,318.4312089643524,309.04902071607916,TL
5.6000000000000005,298.6918030577295,317.62889046430155,308.15565761684013,TL
5.7,297.7806845519551,316.80054545618873,307.2806528507261,TL
5.800000000000001,296.88812045552294,316.0216566441738,306.42331677248393,TL
5.9,295.92770427923006,315.28463339128973,305.58299697727983,TL
6,295.07171984413867,314.50354886852256,304.75907569829695,TL
6.1000000000000005,294.1739406842514,313.77320452038776,303.9509674261585,TL
6.2,293.2973011348353,312.99389877656535,303.15811672797184,TL
6.300000000000001,292.4360723626162,312.22195155583415,302.37999624633113,TL
6.4,291.59941757227114,311.5053302212903,301.61610486083305,TL
6.5,290.7849955368929,310.77743148619413,300.8659659965925,TL
6.6000000000000005,289.93760143981024,310.08696754402337,300.1291260659435,TL
6.7,289.15784638685454,309.4520106253833,299.40515303099414,TL
6.800000000000001,288.37065028500183,308.84309535307716,298.69363507601247,TL
6.9,287.5979660763435,308.2342218781674,297.9941793797732,TL
7,286.84099595733875,307.5912855968202,297.3064109790087,TL
7.1000000000000005,286.105804953963,306.9587824558549,296.62997171500933,TL
7.2,285.45090139252625,306.33639973903684,295.9645192562117,TL
7.300000000000001,284.807178418192,305.7383919340744,295.3097261903233,TL
7.4,284.10410964968634,305.2753845754229,294.66527918015765,TL
7.5,283.3996275427723,304.8178954770069,294.0308781779138,TL
7.6000000000000005,282.7113698987781,304.255166019595,293.4062356931361,TL
7.7,282.0207937312075,303.699753217621,292.7910761100315,TL
7.800000000000001,281.34606288627583,303.148835973027,292.1851350502238,TL
7.9,280.6815111656982,302.6072539969745,291.5881587773818,TL
8,280.05676633701285,302.07632929971385,290.99990364047653,TL
8.100000000000001,279.5034135422959,301.5501426829791,290.4201355527135,TL
8.2,278.8659228141384,301.0540403224421,289.8486295034454,TL
8.3,278.26989989212944,300.5329448358319,289.28516910060233,TL
8.4,277.63209996498057,300.0219612979978,288.72954614138973,TL
8.5,276.9946027418429,299.5231084712326,288.18156020919446,TL
8.600000000000001,276.34691857414134,299.03090546304,287.64101829481064,TL
8.7,275.7379125013373,298.5451878362822,287.10773444025443,TL
8.8,275.1390621650703,298.06040051253746,286.5815294035783,TL
8.9,274.5482573233352,297.59227936132834,286.062230343223,TL
9,273.97438858064675,297.1299602010391,285.5496705205634,TL
9.1,273.40674526463687,296.67136475663756,285.04368901940995,TL
9.200000000000001,272.85103196412445,296.2184777102786,284.54413048132494,TL
9.3,272.3442862846569,295.7711671057411,284.0508448557006,TL
9.4,271.7810113479735,295.329305414841,283.563687163626,TL
9.5,271.2389960044321,294.8927693435858,283.08251727464597,TL
9.6,270.7120408083538,294.46143964875415,282.6071996955784,TL
9.700000000000001,270.192312388313,294.03520096423847,282.1376033706228,TL
9.8,269.6788971270578,293.6139416365361,281.6736014920447,TL
9.9,269.1716550815678,293.2307582309004,281.2150713207765,TL
10,268.67045078498865,292.8742387255724,280.7618940163194,TL
1,421.50191758040114,466.7244899971431,443.54796943392284,TS
1.1,415.5174370168189,457.7133035943254,436.27609672835695,TS
1.2,410.08194376133815,449.69629954504575,429.742566119951,TS
1.3,405.2469947056019,442.2471312460491,423.8195847041505,TS
1.4,401.0548192982908,435.4793084952296,418.4092783669728,TS
1.5,396.70470274559244,429.9587330732291,413.435110931484,TS
1.6,392.8966734123265,424.5455358387468,408.8361584934113,TS
1.7000000000000002,389.43804627600196,419.1529730003484,404.56317355908584,TS
1.8,385.98725266656203,414.3545403185889,400.5758092879588,TS
1.9,382.7531045769941,410.0945361953507,396.84061773354966,TS
2,379.80283969743925,406.13032624685246,393.32957767918367,TS
2.1,376.85902098136717,402.40765017873434,390.0189929884036,TS
2.2,374.1392410089235,398.97939120768154,386.8886553448433,TS
2.3,371.71520617275473,395.82810392483236,383.9211990147092,TS
2.4000000000000004,369.4020759360613,392.79115736736475,381.1015973062298,TS
2.5,366.8234044169688,389.8825478388049,378.4167651034438,TS
2.6,364.36284814352445,387.13168692297313,375.85524185144794,TS
2.7,362.3133985670352,384.36372715873324,373.40693629181317,TS
2.8,360.15962521702926,381.80602913421853,371.0629191152408,TS
2.9000000000000004,357.9934669947763,379.2889721401701,368.8152531733625,TS
3,356.30967798079433,376.84679517944716,366.656853405454,TS
3.1,354.43947763066024,374.58067036777743,364.58137047726024,TS
3.2,352.6143285279599,372.4785595448366,362.5830934936076,TS
3.3000000000000003,350.76023110865094,370.3740417068374,360.65686816840486,TS
3.4000000000000004,348.9532450438681,368.35153087215366,358.7980276086568,TS
3.5,347.25319907581655,366.4963952837331,357.0023334593045,TS
3.6,345.5831931201167,364.57108139314647,355.2659256102377,TS
3.7,343.96412663401594,362.7775089407004,353.5852790197366,TS
3.8000000000000003,342.3954138879838,361.0510128104773,351.95716648471404,TS
3.9000000000000004,340.762806882751,359.4577683490708,350.3786264057124,TS
4,339.22776623907487,357.8844867767159,348.84693476724345,TS
4.1,337.74588604681986,356.4410899010644,347.3595806919,TS
4.2,336.37811200111815,354.97123706116514,345.91424503740416,TS
4.300000000000001,334.95939523593813,353.508648752985,344.5087815952239,TS
4.4,333.4923060971703,352.0804176312463,343.1412005220739,TS
4.5,332.1599832507699,350.86523407608763,341.80965369496346,TS
4.6,330.84359913296316,349.71413376750183,340.5124217291604,TS
4.7,329.59710032275785,348.5254474753445,339.2479024385918,TS
4.800000000000001,328.32073399716387,347.34545397451865,338.0146005514558,TS
4.9,327.1618545858035,346.1193997728592,336.81111852147626,TS
5,325.9648741295283,344.850011372611,335.6361482983257,TS
5.1000000000000005,324.81879685645197,343.8482259518196,334.48846394010593,TS
5.2,323.64128648857,342.9085821838656,333.3669149670677,TS
5.3,322.58920323825447,341.8606160370584,332.27042036950905,TS
5.4,321.48391908036695,340.85997834260564,331.1979631944533,TS
5.5,320.39104776618314,339.9038353753339,330.14858564562064,TS
5.6000000000000005,319.3265275727425,338.9441871090873,329.1213846396596,TS
5.7,318.2375056261819,337.95571762427517,328.1155077688414,TS
5.800000000000001,317.2603823442236,337.0479281242531,327.1301496266228,TS
5.9,316.2567461759071,336.1578384832381,326.1645484578257,TS
6,315.2111134103618,335.2549185586419,325.2179830997854,TS
6.1000000000000005,314.13850362417287,334.27253357420074,324.28977018481004,TS
6.2,313.0893020934774,333.403540404598,323.379261577743,TS
6.300000000000001,312.2012083303123,332.5705319871058,322.48584202543157,TS
6.4,311.3951560713595,331.81684265831944,321.60892699751776,TS
6.5,310.50996708900243,330.97603531603835,320.7479607002586,TS
6.6000000000000005,309.6019791870306,330.2381688659688,319.90241424708165,TS
6.7,308.64752245823075,329.5555331317316,319.07178397133833,TS
6.800000000000001,307.7112908630415,328.8813167503629,318.255589868263,TS
6.9,306.8401381397308,328.2218256064343,317.45337415450155,TS
7,306.01297960211633,327.5456086251833,316.6646999347775,TS
7.1000000000000005,305.20096868826244,326.7824877141711,315.8891499663196,TS
7.2,304.40099886710414,326.03178109933043,315.1263255126191,TS
7.300000000000001,303.6067070221906,325.3007100530423,314.37584527891477,TS
7.4,302.8283094250759,324.61807077445866,313.6373444225484,TS
7.5,301.9837849572109,323.9954270271578,312.9104736319898,TS
7.6000000000000005,301.14417464129724,323.31656299029254,312.1948982689224,TS
7.7,300.3302037234513,322.6457894204055,311.490297568303,TS
7.800000000000001,299.59037460317904,321.99322918283707,310.7963638917828,TS
7.9,298.8291968446619,321.3607687514093,310.1128020302945,TS
8,298.11217315286706,320.73748298944355,309.43932855199193,TS
8.100000000000001,297.39112306223797,320.11818975716255,308.7756711920659,TS
8.2,296.64820981017255,319.48140061455973,308.1215682812668,TS
8.3,295.9161240738245,318.8754115631846,307.47676821023924,TS
8.4,295.19458041801545,318.3005955742474,306.8410289270236,TS
8.5,294.48330421733465,317.755794715205,306.214117465302,TS
8.600000000000001,293.7820311252535,317.19129029336926,305.59580950117135,TS
8.7,293.09050657514297,316.66694118401966,304.98588893640795,TS
8.8,292.40848531093275,316.11346482101646,304.3841475063567,TS
8.9,291.735730945339,315.51978411709314,303.79038441072754,TS
9,291.0720155437491,314.96839802880095,303.2044059657202,TS
9.1,290.41711923200893,314.43011074282555,302.62602527602394,TS
9.200000000000001,289.77082982649176,313.9029683849223,302.05506192535125,TS
9.3,289.1329424849575,313.3840637938642,301.49134168426986,TS
9.4,288.50325937682277,312.87155403640173,300.93469623419134,TS
9.5,287.8833584163609,312.36093988250184,300.3849629064616,TS
9.6,287.2717596049463,311.85592498554377,299.841984435578,TS
9.700000000000001,286.66820888529423,311.3569474308004,299.3056087256286,TS
9.8,286.1091652510173,310.8718562822453,298.7756886291185,TS
9.9,285.5568712428885,310.45720211070966,298.25208173740623,TS
10,285.01160911861984,309.97811366809873,297.7346501820305,TS
1,449.67111704380665,498.43629485379137,474.834886636134,CS
1.1,442.4092946983949,487.59818939715535,465.9146363676462,CS
1.2,435.9985477713028,478.0880623548452,457.91850864152224,CS
1.3,430.33107841529977,469.22710120732347,450.68487002150215,CS
1.4,424.90149937517936,461.49630482326046,444.0901917462966,CS
1.5,419.97560296149885,454.4893344602784,438.0380652669519,CS
1.6,415.4534437216807,448.04631375416994,432.451887353885,CS
1.7000000000000002,411.2072207353286,442.20766336678696,427.26984105470575,CS
1.8,407.08839079346734,436.6905235808038,422.44136209563675,CS
1.9,403.2048604170786,431.42886047035853,417.9245946851616,CS
2,399.8562524370674,426.589422787232,413.6845232397297,CS
2.1,396.5176383235294,422.20593297146144,409.6915763019771,CS
2.2,393.3112151826153,417.8652343339496,405.92056693532174,CS
2.3,390.06786932628165,413.86952775739036,402.3498771757611,CS
2.4000000000000004,387.1649969288474,410.0917030261612,398.96082235312883,CS
2.5,384.27258335852764,406.5799439449956,395.73714990260277,CS
2.6,381.59056763652126,403.1975320980639,392.66464006386707,CS
2.7,378.8061577229983,399.9531948629346,389.7307846988727,CS
2.8,376.1072516180695,396.8984345278383,386.92452666549286,CS
2.9000000000000004,373.73248602015985,393.95013266202335,384.2360466095593,CS
3,371.30496354564053,391.1300559323703,381.65658723595186,CS
3.1,369.00156719658315,388.40168776271236,379.17830745984446,CS
3.2,366.9275846492914,385.8658778088314,376.79416057183545,CS
3.3000000000000003,364.6296201396352,383.5616833922467,374.4977918471743,CS
3.4000000000000004,362.46256420488737,381.2937177983725,372.28345200915766,CS
3.5,360.35019800450925,379.1982680789355,370.1459237042489,CS
3.6,358.4443111964911,377.11468360792816,368.0804587216808,CS
3.7,356.662614442677,375.0941745261324,366.0827241365543,CS
3.8000000000000003,354.7267489011459,373.039426796009,364.1487559043241,CS
3.9000000000000004,352.99475786553523,371.0019984007689,362.2749187092897,CS
4,351.2221068013413,369.29302633742174,360.4578710875131,CS
4.1,349.4772155145663,367.46816510911543,358.69453501838495,CS
4.2,347.70163082037936,365.7658584498301,356.98206931857874,CS
4.300000000000001,345.98519133214535,364.10701634362727,355.31784628478874,CS
4.4,344.2694256283214,362.3052791354433,353.6994311231019,CS
4.5,342.6101353581712,360.7190326982645,352.12456377749123,CS
4.6,340.9916075928918,359.2945412841143,350.59114283112604,CS
4.7,339.4141539406445,357.93138042567733,349.0972112046271,CS
4.800000000000001,337.9578685189973,356.468866931713,347.6409434171396,CS
4.9,336.4963884795688,355.1596137954695,346.2206342107917,CS
5,335.05696207686367,353.66797997094284,344.83468836806577,CS
5.1000000000000005,333.6599960316718,352.2641277820935,343.48161157587595,CS
5.2,332.2746005701412,351.01033647228513,342.16000221054804,CS
5.3,330.9606321499593,349.84270415170954,340.8685439351285,CS
5.4,329.7484143121865,348.69889657102965,339.60599901503326,CS
5.5,328.54357272403035,347.5477938653854,338.371202270447,CS
5.6000000000000005,327.2663171961351,346.39896098068493,337.16305559445135,CS
5.7,326.0202471616883,345.2076056102418,335.9805229748969,CS
5.800000000000001,324.8579475864085,344.1007231543192,334.8226259657845,CS
5.9,323.71955610182215,343.14129990941274,333.68843956058555,CS
6,322.5508922293246,341.998010473337,332.5770884256814,CS
6.1000000000000005,321.36609054011603,340.9819519908792,331.4877434570678,CS
6.2,320.35075485232966,340.0138062812232,330.41961862778385,CS
6.300000000000001,319.23538302387726,339.0638348548069,329.3719680972639,CS
6.4,318.05116125656053,338.12829058468833,328.3440835570751,CS
6.5,316.93223899775757,337.20549725320143,327.33529179034866,CS
6.6000000000000005,315.9189072230347,336.29829631129905,326.3449524247044,CS
6.7,314.8763414164302,335.38524124464146,325.3724558606529,CS
6.800000000000001,313.86801461163503,334.4462558374504,324.41722135937727,CS
6.9,312.89436149164953,333.5226139388542,323.4786952754884,CS
7,311.93851226154834,332.6108326114203,322.55634942183707,CS
7.1000000000000005,310.9458855059619,331.71442474304,321.64967955478284,CS
7.2,309.9659167894577,330.8340615164582,320.75820396948905,CS
7.300000000000001,309.0409110154595,330.0235916432418,319.8814621958451,CS
7.4,308.13119545814413,329.23429068464776,319.019013786538,CS
7.5,307.202317114077,328.4580229178399,318.17043718961406,CS
7.6000000000000005,306.27417958272474,327.6877712162417,317.33532869860016,CS
7.7,305.36092435397364,326.9276819772164,316.51330147390576,CS
7.800000000000001,304.463998841036,326.19988873621907,315.70398462981046,CS
7.9,303.59792694921475,325.4460810875981,314.9070223818624,CS
8,302.7943852690572,324.721036815279,314.1220732499814,CS
8.100000000000001,302.00291382952014,323.9886887746867,313.34880931298125,CS
8.2,301.2258586177798,323.25593450791916,312.586915510605,CS
8.3,300.46149665724,322.6135211186545,311.83608898950405,CS
8.4,299.70819385667573,321.93456943678234,311.09603848990395,CS
8.5,298.96566137716866,321.2650573523288,310.3664837699732,CS
8.600000000000001,298.1810481958332,320.6031272185606,309.64715506516484,CS
8.7,297.39698200855344,319.94592523412314,308.9377925800261,CS
8.8,296.6906162513107,319.2975587658218,308.2381460101782,CS
8.9,295.9439219780376,318.657810627917,307.54797409235437,CS
9,295.19569418170084,318.02647133810996,306.86704418055507,CS
9.1,294.50262275820006,317.40876084984643,306.19513184653226,CS
9.200000000000001,293.83317891798913,316.7981811341595,305.53202050295613,CS
9.3,293.17247028868223,316.1918845520192,304.8775010477451,CS
9.4,292.5202907814346,315.5932144119207,304.2313715281578,CS
9.5,291.8782428535324,315.00199516678697,303.5934368233509,CS
9.6,291.2443435362497,314.41805710462256,302.9635083442052,CS
9.700000000000001,290.58001467446394,313.84123609615204,302.3414037493124,CS
9.8,289.8994060689365,313.2713733558461,301.7269466760948,CS
9.9,289.2272775477561,312.7083152154991,301.11996648610676,CS
10,288.5634393812788,312.15191290957586,300.52029802363455,CS
1,423.4269531766378,482.241721678965,451.58252240170845,CR
1.1,417.1696293228923,471.4942362118242,443.24291873685036,CR
1.2,410.98048459193325,462.3237663670842,435.7658703056742,CR
1.3,405.7395216636271,453.5450859909645,429.0006283978092,CR
1.4,400.7241711369217,445.403683492574,422.8319658407308,CR
1.5,396.24482418452703,438.74783372442727,417.1699406568582,CR
1.6,391.8782233024481,432.73466801992555,411.9430784866103,CR
1.7000000000000002,387.9652119048959,427.16878962789906,407.09369420937463,CR
1.8,384.46414294548583,421.8570015245322,402.57459781035317,CR
1.9,381.1256911288399,416.6127397051907,398.3467223448938,CR
2,377.7356835799908,411.90909109129626,394.3773819091642,CR
2.1,374.22296093170525,407.8598592220948,390.6389697697379,CR
2.2,371.2662077335587,404.1013163478649,387.10797017190544,CR
2.3,368.4753002356307,400.0242899401911,383.76419768936813,CR
2.4000000000000004,365.78253591893815,396.0611999532184,380.5902042854253,CR
2.5,363.04757649145597,392.3213412090376,377.5708117839222,CR
2.6,360.63244995384446,388.9331767536152,374.6927393560091,CR
2.7,358.18572489821713,385.71015263104573,371.9443038622187,CR
2.8,356.034619120494,383.0346092364375,369.3151766745339,CR
2.9000000000000004,354.03216182202993,380.08392926460493,366.7961847282772,CR
3,351.8965194840616,377.52336275244346,364.3791465352027,CR
3.1,349.5256711562885,375.15867403117176,362.0567360712104,CR
3.2,347.4511139463665,372.78577495983563,359.82236906756765,CR
3.3000000000000003,345.5075180500204,370.5585227061542,357.67010744341655,CR
3.4000000000000004,343.48935023031567,368.0379486637579,355.5945785310581,CR
3.5,341.5831374919847,366.0240622216954,353.590906442566,CR
3.6,339.67402646783853,364.00917227756275,351.65465346271804,CR
3.7,337.97907448831637,361.95357859980436,349.78176976943297,CR
3.8000000000000003,336.1652221670528,360.16632730003573,347.96855010829574,CR
3.9000000000000004,334.59652364443855,358.2209145171088,346.2115963040082,CR
4,332.9099965365564,356.6172802202638,344.5077846947655,CR
4.1,331.2257594528702,355.00502121224434,342.8542377376873,CR
4.2,329.4729113560292,353.49111250514915,341.2482991635872,CR
4.300000000000001,327.7755162736554,351.9387967549935,339.6875121644618,CR
4.4,326.1281292652668,350.6807722756028,338.16960018240877,CR
4.5,324.61792823630776,349.2378245404429,336.6924499383167,CR
4.6,323.20031380082617,347.9093441051563,335.25409639578317,CR
4.7,321.8965555725305,346.49641695946997,333.85270940277394,CR
4.800000000000001,320.46944045596484,345.11651099906163,332.4865817924899,CR
4.9,319.04250219919896,343.9447582798467,331.15411875728563,CR
5,317.6684986662899,342.8879804816834,329.85382833650743,CR
5.1000000000000005,316.28820679122526,341.9807377773972,328.5843128817651,CR
5.2,314.92206820726824,340.878577897574,327.3442613821957,CR
5.3,313.5281595650872,339.7289737730709,326.1324425483548,CR
5.4,312.2702144198027,338.6748046211172,324.94769856698616,CR
5.5,310.9249396931364,337.48299086773034,323.7889394504943,CR
5.6000000000000005,309.7062876121053,336.37099890621636,322.6551379148071,CR
5.7,308.5616327765666,335.48879092753265,321.54532472775185,CR
5.800000000000001,307.44351080188426,334.4188185693328,320.45858447730336,CR
5.9,306.3215762960612,333.37696154950123,319.3940517152835,CR
6,305.2070055052613,332.3506664686159,318.35090743745906,CR
6.1000000000000005,304.08539971286734,331.34274893049684,317.32837586562385,CR
6.2,303.0047207040931,330.3542037563652,316.3257215012735,CR
6.300000000000001,301.9129213121806,329.38435502769056,315.34224642397646,CR
6.4,300.73765377145094,328.4260322633201,314.37728781059036,CR
6.5,299.71198784216887,327.5017999738434,313.43021565413,CR
6.6000000000000005,298.7224862968147,326.58964820484624,312.50043066341976,CR
6.7,297.6862085324215,325.69369792991984,311.5873623267032,CR
6.800000000000001,296.6687993286424,324.8134259227101,310.6904671241734,CR
6.9,295.6673663403261,323.9542286441166,309.8092268759674,CR
7,294.66714673398474,323.2075233016993,308.9431472135591,CR
7.1000000000000005,293.6844279341632,322.38613576191517,308.09175616371454,CR
7.2,292.71931701022834,321.63474431065737,307.25460283526576,CR
7.300000000000001,291.84516558637443,320.85981268317977,306.43125619992156,CR
7.4,290.95056081619816,320.05465105935644,305.6213039591975,CR
7.5,290.0533893720091,319.1917952365688,304.82435149030624,CR
7.6000000000000005,289.17995923167695,318.3456899774468,304.04002086453585,CR
7.7,288.34749621933025,317.65684192998276,303.26794993224854,CR
7.800000000000001,287.5281254808694,316.9932239049703,302.5077914691787,CR
7.9,286.7214771762669,316.3776640525974,301.75921237919533,CR
8,285.9271964277198,315.70072710467963,301.0218929491318,CR
8.100000000000001,285.08714404758234,315.0655734392698,300.2955261516788,CR
8.2,284.24620650346924,314.36004644272873,299.5798169926884,CR
8.3,283.41789828960805,313.66380397033987,298.87448189955745,CR
8.4,282.6018809665136,312.9774155612536,298.17924814764376,CR
8.5,281.80227469963563,312.31673743488244,297.4938533219281,CR
8.600000000000001,281.041463364639,311.72454451229294,296.8180448113699,CR
8.7,280.29146651858235,311.1403013947207,296.15157933361684,CR
8.8,279.5267359055714,310.5638118054031,295.49422248792,CR
8.9,278.82544827669864,309.9948864747567,294.8457483342807,CR
9,278.1051030154114,309.43334281478326,294.2059389970158,CR
9.1,277.4000459495934,308.87900461203213,293.57458429106896,CR
9.200000000000001,276.69847414671716,308.3317017378701,292.95148136953,CR
9.3,276.0062334803281,307.7912698749083,292.33643439094215,CR
9.4,275.32377853805986,307.2575502585204,291.7292542050864,CR
9.5,274.6530093908075,306.73038943246956,291.129758056033,CR
9.6,273.9908727635804,306.20978690268686,290.5377693013398,CR
9.700000000000001,273.33716935711647,305.7723628584616,289.95311714636176,CR
9.8,272.6824971980113,305.3400414616599,289.3756363927119,CR
9.9,272.0280414529096,304.9127120223827,288.80516719998366,CR
10,271.3817105069493,304.49026733952763,288.2415548599098,CR
1,411.72434122251184,449.96604167457264,431.9175395697658,HA
1.1,407.1208859642755,442.8858241801818,426.05859964866676,HA
1.2,402.85868784412594,436.48169695484063,420.7799074310744,HA
1.3,398.86234575175314,430.6969243790345,415.9823176353962,HA
1.4,395.44872106274426,425.4032878467365,411.5897005725662,HA
1.5,392.3154604300986,420.458585842678,407.54238222002965,HA
1.6,389.214581545577,415.97998012566416,403.79275642071985,HA
1.7000000000000002,386.3970123962472,411.7621418938114,400.3022619114293,HA
1.8,383.86136783432306,408.20790186548203,397.0392459313825,HA
1.9,381.48914785083434,404.8931781146374,393.97742054251006,HA
2,379.04975771387126,401.4916168971484,391.09472527434633,HA
2.1,376.8609712969714,398.46220868410404,388.37247455010925,HA
2.2,374.79528026995513,395.39346320196967,385.7947086681667,HA
2.3,372.89814361683926,392.5961660197384,383.3476928593751,HA
2.4000000000000004,370.9029797197383,390.02439241638893,381.01952577806986,HA
2.5,369.0112794448694,387.5520506761098,378.7998300333897,HA
2.6,367.27748421126125,385.2347748005588,376.6795050293499,HA
2.7,365.45320665936015,383.00612267294525,374.6505276927388,HA
2.8,363.75938680234447,381.01076341677344,372.7057904081846,HA
2.9000000000000004,361.8623283722194,379.00552067938145,370.83896815278797,HA
3,360.3744875695736,377.0690987115181,369.04440875889753,HA
3.1,359.0504724944102,375.1983664538896,367.3170416535387,HA
3.2,357.56526854134495,373.3984005246102,365.65230147634963,HA
3.3000000000000003,356.0046548672773,371.5949045654465,364.04606376764144,HA
3.4000000000000004,354.50271248150364,369.94417902039095,362.4945905162298,HA
3.5,353.22211170688485,368.3942402436805,360.9944838137395,HA
3.6,351.9004839486834,366.9011088027045,359.54264621442314,HA
3.7,350.4119927446703,365.5837791131357,358.1362466733637,HA
3.8000000000000003,349.0759548983402,364.235253466053,356.77269115037024,HA
3.9000000000000004,347.69231551201943,362.8436698035954,355.44959713600736,HA
4,346.28532650215595,361.4445385311935,354.16477149050735,HA
4.1,344.9396940678745,360.1743960194396,352.91619109364586,HA
4.2,343.78023323282525,359.02569601081797,351.7019858899568,HA
4.300000000000001,342.7421052863147,357.92922072302565,350.52042398344025,HA
4.4,341.6297717489552,356.83807995427077,349.36989849264734,HA
4.5,340.46911153477595,355.7091549709884,348.2489159233856,HA
4.6,339.29126882259703,354.6758329395311,347.1560858543594,HA
4.7,338.23563148581593,353.7120346509212,346.09011176247117,HA
4.800000000000001,337.14907149318924,352.6460172210337,345.0497828405393,HA
4.9,336.21842007279855,351.5325048584059,344.03396668185536,HA
5,335.2448448509992,350.55490656436126,343.04160272410525,HA
5.1000000000000005,334.1432714367994,349.6853490634417,342.0716963603687,HA
5.2,333.02632883008937,348.83047878124427,341.12331363769846,HA
5.3,331.9282039005194,347.98564567896915,340.19557647458714,HA
5.4,330.8564013019959,347.1812185324872,339.2876583377946,HA
5.5,329.85247066244256,346.3854712854746,338.39878032680207,HA
5.6000000000000005,328.85055899824914,345.6037625705819,337.5282076208127,HA
5.7,327.90589169000083,344.8314670158809,336.6752462489125,HA
5.800000000000001,326.9276836082047,344.0784389416692,335.8392401488956,HA
5.9,326.10214985402445,343.3411398014868,335.0195684844639,HA
6,325.29723229991237,342.6133414831641,334.21564319414756,HA
6.1000000000000005,324.5018557911342,341.90262749684865,333.4269067484351,HA
6.2,323.6717160885076,341.1907627000888,332.6528300943316,HA
6.300000000000001,322.85693235027054,340.478477812888,331.8929107689364,HA
6.4,322.0518515126931,339.77886265893994,331.1466711657014,HA
6.5,321.26804152227936,339.11096165690816,330.4136569388378,HA
6.6000000000000005,320.45801223979333,338.4637880163418,329.6934355329258,HA
6.7,319.65856244328467,337.8326312725227,328.98559482616673,HA
6.800000000000001,318.9320886534688,337.14803965603403,328.28974187694473,HA
6.9,318.2193410803286,336.47568489890335,327.6055017644378,HA
7,317.518408492488,335.8396102591087,326.93251651497087,HA
7.1000000000000005,316.8119105976497,335.21812369000145,326.27044410664536,HA
7.2,316.1157006786155,334.59241632440484,325.61895754552324,HA
7.300000000000001,315.41018044290394,333.9790545733048,324.9777440073068,HA
7.4,314.7293456318473,333.44509153797765,324.3465040390437,HA
7.5,314.10502878123935,332.9204404106216,323.72495081590995,HA
7.6000000000000005,313.4352347599971,332.3770368710136,323.112809448593,HA
7.7,312.76622206075285,331.84189898203914,322.5098163372136,HA
7.800000000000001,312.10724260645645,331.29851585428224,321.91571856809895,HA
7.9,311.4630941279555,330.75412416388326,321.3302733500574,HA
8,310.8278036244647,330.21745813782917,320.75324748710216,HA
8.100000000000001,310.1959921535003,329.6883136004871,320.1844168848453,HA
8.2,309.5753160284527,329.16540217187736,319.6235660880249,HA
8.3,308.9633828882966,328.6473987377136,319.070487846849,HA
8.4,308.35996644212884,328.1395583340931,318.5249827100363,HA
8.5,307.76484886236943,327.64202415335393,317.986858642615,HA
8.600000000000001,307.1778203730301,327.145447282995,317.45593066670136,HA
8.7,306.59867886253863,326.6897293989716,316.9320205236262,HA
8.8,306.02722951938904,326.1884462342247,316.41495635591235,HA
8.9,305.4632844890304,325.7555756451732,315.9045724077252,HA
9,304.906662550533,325.34779775471975,315.40070874252905,HA
9.1,304.3600115390583,324.94484097670727,314.9032109767819,HA
9.200000000000001,303.8186015512679,324.5306138283401,314.4119300285926,HA
9.3,303.2821482185195,324.091681453774,313.926721880347,HA
9.4,302.75236462642164,323.65802780836134,313.44744735438536,HA
9.5,302.229098205846,323.22953425536895,312.97397190088407,HA
9.6,301.7122014374381,322.8060860379801,312.50616539715526,HA
9.700000000000001,301.20153163392007,322.37524031437295,312.04390195763983,HA
9.8,300.69753446964404,321.94217017135185,311.5870597539185,HA
9.9,300.19962166014625,321.5113969311935,311.13552084411754,HA
10,299.7075251821285,321.0961738129615,310.68917101112925,HA
1,375.974080721863,407.9753836453072,391.3556470385764,BC
1.1,371.5407031498121,401.5059390624257,386.0006182890835,BC
1.2,367.7082704413321,395.74107786178035,381.17646726469764,BC
1.3,364.0771576881894,390.4284611579226,376.79243753499713,BC
1.4,360.6049685347409,385.59629372697015,372.77884802034447,BC
1.5,357.52543115421554,381.23288000094544,369.08108458176577,BC
1.6,354.68297374386924,377.2971355855764,365.6555815037919,BC
1.7000000000000002,352.0419320487501,373.58961460394494,362.4670531866303,BC
1.8,349.47543283660764,370.09470641562615,359.4865378922221,BC
1.9,347.14617988071944,366.82216239588956,356.6899843346705,BC
2,344.91574510419986,363.74503326644276,354.0572103814281,BC
2.1,342.7628619071022,360.9265398524151,351.5711225376652,BC
2.2,340.7941486180981,358.27408252043864,349.2171218203009,BC
2.3,338.7466221848587,355.7117939891677,346.9826452121517,BC
2.4000000000000004,336.92292257704526,353.26960586682287,344.8568073088674,BC
2.5,335.21193070007655,351.02029721110125,342.830117074197,BC
2.6,333.3598348442463,348.924115765532,340.894251636101,BC
2.7,331.61192280985966,346.8902583521239,339.0418739197124,BC
2.8,329.9604588028227,344.818676558933,337.2664843382929,BC
2.9000000000000004,328.40391300076055,342.9509557667174,335.5622992110505,BC
3,326.9033873492634,341.1791391499636,333.9241503495609,BC
3.1,325.4619485912104,339.6021036133065,332.3474015546484,BC
3.2,324.072336281043,338.04771309894136,330.827878729997,BC
3.3000000000000003,322.7298976301509,336.4798667585255,329.3618110418147,BC
3.4000000000000004,321.3389726109862,335.07184645003065,327.94578110137155,BC
3.5,320.0330288996728,333.6898608949204,326.57668256564415,BC
3.6,318.69332875924385,332.2758959441183,325.25168387384025,BC
3.7,317.46712191831966,330.9010718930885,323.9681970882379,BC
3.8000000000000003,316.3412838438484,329.6522651986578,322.72385100405904,BC
3.9000000000000004,315.12930457813695,328.45957101717863,321.5164678479105,BC
4,313.9135884142537,327.2911281654939,320.3440430072539,BC
4.1,312.9031374828109,326.1512042898355,319.20472733160517,BC
4.2,311.80055033371025,325.0818948647232,318.09681162514124,BC
4.300000000000001,310.71674434652493,323.97131342318727,317.0187130142549,BC
4.4,309.6576755210944,322.9251809635485,315.9689629255159,BC
4.5,308.57483424399356,321.95025045180046,314.94619645192125,BC
4.6,307.5817739040757,320.9614695730437,313.94914292015915,BC
4.7,306.62905450599607,320.0065874590822,312.9766175003522,BC
4.800000000000001,305.68543151363554,319.06920365258895,312.02751372356926,BC
4.9,304.7420699795217,318.2229146517405,311.1007967922154,BC
5,303.74030811481356,317.3611401668487,310.19549758497953,BC
5.1000000000000005,302.82646087489644,316.56026490812775,309.3107072719113,BC
5.2,302.0174592589229,315.76048005698374,308.4455724669049,BC
5.3,301.14022079107156,314.92250047249496,307.59929085474937,BC
5.4,300.1970329805293,314.12152451088156,306.77110723829406,BC
5.5,299.36086433835624,313.32391686491525,305.96030995840556,BC
5.6000000000000005,298.54250747677645,312.541766211692,305.1662276454812,BC
5.7,297.73943319076136,311.7753606410926,304.38822626649306,BC
5.800000000000001,296.9294212436192,311.0366905578615,303.62570643600907,BC
5.9,296.1126679484036,310.3330434680586,302.87810096348795,BC
6,295.28516891742504,309.7019841077948,302.144872612468,BC
6.1000000000000005,294.53388015429255,309.1043305385482,301.4255120501478,BC
6.2,293.769525249793,308.424247296574,300.71953596835124,BC
6.300000000000001,292.9710515970534,307.8185179524636,300.02648535904086,BC
6.4,292.2225942493091,307.15347426516377,299.34592392943716,BC
6.5,291.49929299965913,306.5001454466241,298.6774366434537,BC
6.6000000000000005,290.79961849890094,305.8581496058349,298.0206283776078,BC
6.7,290.10780182318297,305.2271228513577,297.37512268083736,BC
6.800000000000001,289.472752187889,304.73253367147555,296.74056062877133,BC
6.9,288.8441157723257,304.1686490234796,296.11659976398835,BC
7,288.19084521896025,303.5954918250963,295.50291311466566,BC
7.1000000000000005,287.53920084687223,303.031524041077,294.89918828479165,BC
7.2,286.90612440892744,302.4987388132428,294.3051266097956,BC
7.300000000000001,286.26645298378776,302.012431925525,293.7204423720542,BC
7.4,285.6432961895536,301.5335090543987,293.1448620712731,BC
7.5,284.9992081685842,301.06176054086393,292.57812374521933,BC
7.6000000000000005,284.3456376729009,300.54317726613266,292.0199763367109,BC
7.7,283.7020804382218,300.00258259993547,291.4701791031492,BC
7.800000000000001,283.13204444186283,299.4699185009902,290.9285010652242,BC
7.9,282.5513960638428,298.98167072133685,290.39472049172775,BC
8,281.9263337296827,298.52487706133184,289.86862441768557,BC
8.100000000000001,281.31039360534146,298.0718311724298,289.350008193267,BC
8.2,280.7090825525868,297.6250205965858,288.8386750611532,BC
8.3,280.1500877585529,297.15802343756724,288.3344357602442,BC
8.4,279.5786274516233,296.64218665095007,287.83710815377043,BC
8.5,279.00524619900636,296.204669757871,287.34651688003186,BC
8.600000000000001,278.4679816074348,295.8013965827255,286.8624930241422,BC
8.7,277.9262123331416,295.4001217684982,286.38487380928535,BC
8.8,277.39241155354455,294.9519753144491,285.913502306115,BC
8.9,276.8662410147197,294.534395934888,285.44822715903877,BC
9,276.3694457225761,294.1356720184133,284.9889023282276,BC
9.1,275.83347033668196,293.7395047755292,284.5353868462837,BC
9.200000000000001,275.3259313049531,293.3481924519042,284.08754458858334,BC
9.3,274.81845839586754,292.9408204867527,283.6452440563863,BC
9.4,274.32054486711303,292.52402615822194,283.20835817187293,BC
9.5,273.8352810911411,292.11222630964994,282.776764084335,BC
9.6,273.3559437605264,291.7053094541899,282.35034298680154,BC
9.700000000000001,272.8828307215984,291.30316772240167,281.92897994243646,BC
9.8,272.41899930108025,290.9310558582755,281.5125637200922,BC
9.9,271.94964675302805,290.60443365878115,281.1009866384483,BC
10,271.489338083297,290.28145593359545,280.69414441820555,BC
1,494.76069387227375,526.9106332258718,514.5759642557357,GL
1.1,472.7446157181385,501.56200645194644,490.6013503671762,GL
1.2,453.43890075091656,479.5834879792108,469.69153797567213,GL
1.3,436.2298684498114,460.2780234464954,451.2447653520748,GL
1.4,420.75318696095883,443.244865501591,434.8126628945837,GL
1.5,406.89836063351515,427.97922392007314,420.05338687640136,GL
1.6,394.5380036645431,414.18248819746447,406.7011439817602,GL
1.7000000000000002,383.24621967357507,401.6352444951542,394.5457361401577,GL
1.8,372.6865947621983,390.141119821277,383.4184511905156,GL
1.9,362.8116423143834,379.71347038936204,373.182096767797,GL
2,353.86497495103146,370.0921389102478,363.72381229726585,GL
2.1,345.62458546505815,361.14011286164765,354.94978796187485,GL
2.2,337.99874848300516,352.8247584097901,346.78132021286166,GL
2.3,330.8793682445332,345.06472496255185,339.15182162715723,GL
2.4000000000000004,324.2220314803958,337.81778436195293,332.00452371502337,GL
2.5,317.6745776517627,331.0465807968247,325.29069055692923,GL
2.6,311.723992775456,324.60176670373505,318.9682142337789,GL
2.7,305.8980463530369,318.58117269807497,313.0004992184472,GL
2.8,300.3488942152637,312.9194095961415,307.355568002926,GL
2.9000000000000004,295.19186523003896,307.4816066044207,302.0053379139459,GL
3,290.2310580035088,302.28570496107017,296.9250316942656,GL
3.1,285.3996773695283,297.44942072390916,292.0926935593968,GL
3.2,280.80182628793466,292.8430706479908,287.48878912578033,GL
3.3000000000000003,276.496951436837,288.4266412564172,283.09587255638206,GL
3.4000000000000004,272.35965729680294,284.21824745843304,278.8983079723359,GL
3.5,268.34849728846524,280.1615486132749,274.8820349757932,GL
3.6,264.58068337705697,276.3120320470354,271.0343702604546,GL
3.7,260.8981466714855,272.64209739873587,267.3438389243953,GL
3.8000000000000003,257.36510398661227,269.0746625882692,263.80003036892634,GL
3.9000000000000004,254.06282969917805,265.6361451915055,260.3934746578599,GL
4,250.89028970546912,262.3339337165436,257.1155359902563,GL
4.1,247.75456104062332,259.1858102780157,253.95832055595199,GL
4.2,244.67103376034316,256.1598169792672,250.91459653388054,GL
4.300000000000001,241.7744069693179,253.2348019017193,247.97772438631415,GL
4.4,238.93442209050173,250.40753134791836,245.14159591886,GL
4.5,236.06011392557494,247.71406089828247,242.40058083258216,GL
4.6,233.37617659814842,245.0810118218962,239.74947970347353,GL
4.7,230.76007941194285,242.49645911495156,237.1834824953739,GL
4.800000000000001,228.28502907725954,240.02271906981787,234.6981318528749,GL
4.9,225.8620757715808,237.59094282003102,232.28929053670174,GL
5,223.5091248059516,235.23220321697656,229.95311246019594,GL
5.1000000000000005,221.19280247177664,232.99775147238879,227.6860168655504,GL
5.2,218.94529449290084,230.8013308582808,225.4846652453293,GL
5.3,216.82814773690262,228.6996053684795,223.34594067090288,GL
5.4,214.8272636022725,226.65447181160488,221.26692923665632,GL
5.5,212.88249411519317,224.63090094644159,219.24490336872208,GL
5.6000000000000005,210.98990090272216,222.6600218742209,217.27730678079408,GL
5.7,209.12353945878257,220.7485716549803,215.36174088832703,GL
5.800000000000001,207.252533247977,218.8929432740529,213.49595251693412,GL
5.9,205.45393067298616,217.0701982008523,211.6778227617627,GL
6,203.66444685904528,215.3011302795639,209.90535687260785,GL
6.1000000000000005,201.9108681646416,213.5570164973479,208.17667505499014,GL
6.2,200.21127289672347,211.86553872672636,206.49000409075833,GL
6.300000000000001,198.55706290498713,210.23800538400602,204.84366969330785,GL
6.4,196.94225163157415,208.67952623820335,203.23608952249685,GL
6.5,195.3653067806022,207.10113539031136,201.6657667930213,GL
6.6000000000000005,193.82477804715583,205.58903178024605,200.13128441756774,GL
6.7,192.31929156752565,204.09674368407144,198.6312996326575,GL
6.800000000000001,190.83487128988244,202.63030763023914,197.16453906086252,GL
6.9,189.37625894012274,201.1949157242254,195.72979416812842,GL
7,187.9512641155958,199.81088406203446,194.32591707937584,GL
7.1000000000000005,186.58144635514086,198.45580425130416,192.95181671945952,GL
7.2,185.25262168607267,197.1286755209629,191.60645525000263,GL
7.300000000000001,183.93257357676399,195.85067162419935,190.28884477566683,GL
7.4,182.66689309661984,194.62547126896064,188.99804429610614,GL
7.5,181.39995622260813,193.37922173424073,187.73315688223676,GL
7.6000000000000005,180.15841413883015,192.1484817600221,186.49332705757104,GL
7.7,178.94143360887784,190.94003989687394,185.2777383672458,GL
7.800000000000001,177.74821910042616,189.7545218225815,184.08561111904962,GL
7.9,176.57801062202597,188.59184881007627,182.91620028225086,GL
8,175.43008170957464,187.4582728165721,181.76879353136187,GL
8.100000000000001,174.3037375503826,186.32966557012267,180.64270942317083,GL
8.2,173.19831323386535,185.21729544521995,179.53729569644335,GL
8.3,172.09935647976152,184.1510962556917,178.45192768465571,GL
8.4,171.01660439328973,183.08942817359596,177.38600683298682,GL
8.5,169.9533580437816,182.04762380382087,176.3389593115698,GL
8.600000000000001,168.9090426907493,181.0243395193672,175.31023471770658,GL
8.7,167.8831069578322,180.02843679222752,174.29930486037773,GL
8.8,166.87502162760046,179.0555701911551,173.30566262095078,GL
8.9,165.88427851140432,178.09170691416574,172.32882088450572,GL
9,164.91038938881215,177.15851649539036,171.36831153666148,GL
9.1,163.9528850116334,176.23577229448037,170.42368452121258,GL
9.200000000000001,163.01131416793118,175.30333877178848,169.49450695426563,GL
9.3,162.08524280180484,174.38582752440928,168.58036229091653,GL
9.4,161.17425318505883,173.49174018608983,167.68084954082448,GL
9.5,160.27794313718545,172.63431703880107,166.79558252932793,GL
9.6,159.39592529036662,171.76986499094812,165.92418920101056,GL
9.700000000000001,158.5278263964598,170.90461719136184,165.0663109628644,GL
9.8,157.67328667316326,170.06835995279923,164.22160206441728,GL
9.9,156.8336802505359,169.25921295908955,163.38972901239043,GL
10,156.01116274241528,168.46191660441255,162.5703700176365,GL
1,385.1674670215291,408.86992481495906,396.80886915200904,KW
1.1,380.15904026268015,402.33039643210117,391.0692073171916,KW
1.2,375.557223210295,396.4443283872018,385.9021479456248,KW
1.3,371.54857696077056,391.2411936237973,381.2094878376356,KW
1.4,367.8283568433741,386.37494271478016,376.9158762063634,KW
1.5,364.4111551843899,381.8910020467884,372.96228966465577,KW
1.6,361.28950523223847,377.74486439560167,369.3016707731746,KW
1.7000000000000002,358.1040812710324,374.03667123714325,365.89592513154207,KW
1.8,355.1513499878983,370.4307378844308,362.7138004213068,KW
1.9,352.4959815932026,367.11052626744623,359.7293547270053,KW
2,349.9784240928006,364.11074266323783,356.9208286101618,KW
2.1,347.6001083497425,361.0839033166992,354.26980001849887,KW
2.2,345.22256037958556,358.353879423692,351.7605412627481,KW
2.3,342.97929590409706,355.72546639082,349.37952292034026,KW
2.4000000000000004,340.8933746474169,353.2298621549454,347.1150262767765,KW
2.5,338.91205781935815,350.7980388782978,344.9568371022195,KW
2.6,336.9795830290828,348.4994713909584,342.8960011770807,KW
2.7,335.09579813778555,346.3566149455004,340.92462725742087,KW
2.8,333.33778216597443,344.44341935204665,339.03572688617146,KW
2.9000000000000004,331.56468509176375,342.5075123326431,337.22308311035096,KW
3,329.9739443619316,340.63945585203845,335.4811420862858,KW
3.1,328.43719844278195,338.84423270805235,333.8049229637879,KW
3.2,326.8802861156233,337.1961751734809,332.1899424850958,KW
3.3000000000000003,325.3893511369084,335.6425538214292,330.6321515175425,KW
3.4000000000000004,323.9246581981072,334.10180835096855,329.12788133176224,KW
3.5,322.47390087211136,332.6149762815006,327.6737978902126,KW
3.6,321.13928189158185,331.23749955363076,326.266862759877,KW
3.7,319.8116578258914,329.76800380244424,324.9042995342427,KW
3.8000000000000003,318.528707777972,328.4707268996424,323.58356486199307,KW
3.9000000000000004,317.29182244397794,327.1647711527742,322.3023233472966,KW
4,316.09087632792233,325.921733227403,321.0584257195017,KW
4.1,314.9714368476963,324.6192118542176,319.84988977625613,KW
4.2,313.84234318405595,323.3687311247196,318.67488368943447,KW
4.300000000000001,312.6866470881854,322.27077633715845,317.5317113322769,KW
4.4,311.5773259274143,321.2241896101789,316.41879934223334,KW
4.5,310.48411269777927,320.1151768604792,315.3346856798422,KW
4.6,309.4525936590882,319.13373653935884,314.2780094816022,KW
4.7,308.42710680429235,318.0967222882019,313.2475020358344,KW
4.800000000000001,307.4034688309668,317.18820815172785,312.24197873625144,KW
4.9,306.39993594468075,316.3091234239797,311.2603318893528,KW
5,305.419855379908,315.3412491141498,310.301524269642,KW
5.1000000000000005,304.48381211168294,314.3860851593039,309.3645833316613,KW
5.2,303.59827567407217,313.5873025373669,308.44859600046277,KW
5.3,302.74034242674736,312.7080804197536,307.55270397280293,KW
5.4,301.90080317945905,311.83582441358163,306.67609947038943,KW
5.5,301.0789337130822,310.9875200881574,305.8180213942024,KW
5.6000000000000005,300.2740508432129,310.20375494316227,304.97775183547355,KW
5.7,299.42012781747354,309.3672094437607,304.1546129045258,KW
5.800000000000001,298.5034231865336,308.6099821222977,303.347963843495,KW
5.9,297.6430259085631,307.82880956248925,302.5571983931079,KW
6,296.80425867517084,307.0594890404096,301.78174238727047,KW
6.1000000000000005,295.9480449135222,306.333648025988,301.0210515523221,KW
6.2,295.16269507137883,305.62762342998633,300.2746094904995,KW
6.300000000000001,294.40893884510433,304.9782720493735,299.54192582949327,KW
6.4,293.6343824757599,304.3239767578062,298.8225345220197,KW
6.5,292.9120393637133,303.594389904473,298.115992281109,KW
6.6000000000000005,292.1629952165049,302.92989318932916,297.42187713837603,KW
6.7,291.4270878345791,302.3384177728418,296.73978711390174,KW
6.800000000000001,290.7038958437196,301.7604064088341,296.06933898756364,KW
6.9,289.9930173331166,301.1919144826864,295.4101671627094,KW
7,289.2940686895209,300.63265061770386,294.7619226140059,KW
7.1000000000000005,288.6098954739342,300.0823363590335,294.1242719121242,KW
7.2,287.9841878775335,299.53697887587305,293.49689631865317,KW
7.300000000000001,287.35177098330826,298.92777429352805,292.8794909452878,KW
7.4,286.67024468640136,298.32843413659765,292.27176397191505,KW
7.5,286.0207443742455,297.8125281279389,291.67343591873754,KW
7.6000000000000005,285.3985232955673,297.2808371569579,291.0842389680347,KW
7.7,284.75322435285045,296.7695028643832,290.5039163315722,KW
7.800000000000001,284.1819446439214,296.2214087981477,289.93222166003864,KW
7.9,283.62588097146727,295.6787873758438,289.3689184912174,KW
8,283.0338243969035,295.14317489448734,288.81377973389885,KW
8.100000000000001,282.47670100004893,294.6138326789848,288.26658718480263,KW
8.2,281.92868834816755,294.0919176173809,287.72713107602,KW
8.3,281.38874082606674,293.5772368105871,287.1952096507017,KW
8.4,280.7929228195273,293.1031019489097,286.67062876491167,KW
8.5,280.1942248783447,292.64891368754166,286.1532015137424,KW
8.600000000000001,279.61819181267555,292.19960561073424,285.6427478799476,KW
8.7,279.1189636511334,291.7068027361555,285.1390944034915,KW
8.8,278.6054082281774,291.20121768213914,284.6420738705448,KW
8.9,278.07094071971903,290.70217227917044,284.1515250205761,KW
9,277.54345329744893,290.20954404315097,283.6672922702967,KW
9.1,277.04276805015314,289.7651943863319,283.1892254533117,KW
9.200000000000001,276.5499508436808,289.339264450114,282.7171795744242,KW
9.3,276.04813209844025,288.91855533479145,282.2510145776172,KW
9.4,275.55300861776357,288.50294793064694,281.7905951268134,KW
9.5,275.04702394364784,288.0923270762291,281.3357903985831,KW
9.6,274.5575688690361,287.6865813875282,280.88647388602874,KW
9.700000000000001,274.07430320123234,287.26743611692666,280.4425232131364,KW
9.8,273.61896277864633,286.85579160277166,280.00381995893133,KW
9.9,273.1866776924474,286.46558392620534,279.570249490828,KW
10,272.729288856453,286.07982082473285,279.14170080660494,KW
1,431.3570438748535,490.63844953622083,459.2775644445021,MN
1.1,427.7416943141884,483.2182247487019,454.0839860052702,MN
1.2,424.6616478352096,477.2153128873012,449.3956058980692,MN
1.3,421.6302885920982,471.01775951145225,445.1268813165482,MN
1.4,418.884126374158,465.65916940615426,441.212010225926,MN
1.5,416.37081566748583,460.46352769552254,437.59932908492397,MN
1.6,413.8594749347237,455.9491167419339,434.24755936861584,MN
1.7000000000000002,411.70694368051863,451.69007566518536,431.12321763589983,MN
1.8,409.72157890151396,447.87294263045925,428.1987825536515,MN
1.9,407.9038040923887,444.34197361549417,425.4513686792889,MN
2,406.1593383795578,441.11535235938203,422.86174809729175,MN
2.1,404.3480677894121,438.0502583521782,420.4136161558121,MN
2.2,402.6634366848314,434.935392895827,418.0930318829919,MN
2.3,401.07930091574093,432.24312628130394,415.88798561317736,MN
2.4000000000000004,399.4370661126677,429.5808575285954,413.7880607241547,MN
2.5,397.7889758839243,427.16499172799774,411.7841659977742,MN
2.6,396.03986940585304,424.8668062714466,409.868321669192,MN
2.7,394.5280903665775,422.6873190455123,408.03348677635324,MN
2.8,393.0491205755947,420.72961394259266,406.2734186262666,MN
2.9000000000000004,391.6446672203408,418.6867136338957,404.58255748708046,MN
3,390.2746552653962,416.7403063520223,402.9559312768713,MN
3.1,388.88305973349617,414.99895213071056,401.38907623982374,MN
3.2,387.326292712587,413.2513992163925,399.87797050604274,MN
3.3000000000000003,385.85304127530975,411.6088928854661,398.41897811070436,MN
3.4000000000000004,384.54941487392546,409.9379826840626,397.0088015631384,MN
3.5,383.32666076532894,408.26576670665133,395.64444145021724,MN
3.6,382.13297408400865,406.840609413661,394.323161862199,MN
3.7,381.01993059078524,405.3678696394775,393.0424606654086,MN
3.8000000000000003,379.9378338671405,403.9779918531321,391.80004383125737,MN
3.9000000000000004,378.88191498534883,402.64129720839236,390.5938031772011,MN
4,377.7511584684242,401.3414203920877,389.42179699131856,MN
4.1,376.6762712894481,400.1979296039402,388.28223310501744,MN
4.2,375.48604533015055,399.17085169474603,387.1734540530462,MN
4.300000000000001,374.4043849780068,398.15739535051307,386.09392402040345,MN
4.4,373.3423699872899,397.11295818859253,385.0422173248808,MN
4.5,372.22532542347284,396.1306396189137,384.01700822415427,MN
4.6,371.12448543621815,395.2366478901702,383.01706186935337,MN
4.7,370.1707797217158,394.26114669314666,382.04122625429034,MN
4.800000000000001,369.2044068693965,393.51678760518485,381.08842503212503,MN
4.9,368.298612733058,392.675013558927,380.1576510900578,MN
5,367.46021834118034,391.826262783539,379.2479607883713,MN
5.1000000000000005,366.5957911931725,390.999195832841,378.3584687833437,MN
5.2,365.7043095985448,390.18408850488817,377.48834336467814,MN
5.3,364.8004748879747,389.2963974090989,376.6368022474931,MN
5.4,363.8936539198142,388.5653179211604,375.8031087668964,MN
5.5,362.86828953232987,387.8295492381874,374.98656842995143,MN
5.6000000000000005,362.0245669178487,387.1147596772675,374.18652578563973,MN
5.7,361.07224854762495,386.4061011435689,373.4023615783876,MN
5.800000000000001,360.08101572356827,385.7171502866714,372.63349015498534,MN
5.9,359.13083609184554,385.03474408585106,371.87935709839877,MN
6,358.156664629255,384.37725152237346,371.13943706514334,MN
6.1000000000000005,357.4293258432954,383.8179071184482,370.413231805635,MN
6.2,356.6039588002589,383.25419855805376,369.7002683493142,MN
6.300000000000001,355.7831370302057,382.49949098330575,369.0000973384142,MN
6.4,355.16859975325144,381.82977636447765,368.3122914960503,MN
6.5,354.49394146922145,381.21146536910294,367.63644421588896,MN
6.6000000000000005,353.6907683781268,380.5496021391188,366.9721682620403,MN
6.7,352.91546837453956,379.98341610809643,366.31909456903156,MN
6.800000000000001,352.18903601594593,379.42644215743445,365.6768711327906,MN
6.9,351.4465184135017,378.8823454771998,365.0451619845097,MN
7,350.6467145479355,378.4737519606545,364.42364624009303,MN
7.1000000000000005,349.9398489828334,378.01002877511775,363.8120172186278,MN
7.2,349.2728293121248,377.50389112982896,363.20998162397257,MN
7.300000000000001,348.6209720248521,376.97483646114483,362.61725878413563,MN
7.4,348.02958181237085,376.58723655451365,362.0335799436318,MN
7.5,347.37890988578556,376.21752192769975,361.45868760446785,MN
7.6000000000000005,346.70766192775307,375.7872482893738,360.8923349118134,MN
7.7,346.0867121036553,375.38173794695376,360.33428508078526,MN
7.800000000000001,345.41847801561767,375.0321364933122,359.78431086109697,MN
7.9,344.84514834811006,374.68164406507685,359.24219403662363,MN
8,344.2874308051015,374.1939738340534,358.70772495719353,MN
8.100000000000001,343.68405615953503,373.71573152177484,358.1807021001572,MN
8.2,343.0796680072486,373.25357774874453,357.6609316594984,MN
8.3,342.4836497156755,372.78927047241297,357.1482271604436,MN
8.4,341.90592726291095,372.3512974372561,356.64240909770217,MN
8.5,341.25798347100425,372.02018387469445,356.1433045956248,MN
8.600000000000001,340.61696087441123,371.70907415406407,355.65074708871254,MN
8.7,339.9845328146407,371.40048032607484,355.1645760210363,MN
8.8,339.3604872380638,371.0428737159293,354.68463656324406,MN
8.9,338.74461965805705,370.6785338670469,354.2107793459401,MN
9,338.1367328035148,370.31832586639626,353.7428602083168,MN
9.1,337.54008433993175,369.94338843083335,353.280739961007,MN
9.200000000000001,336.952800836619,369.5674005150206,352.8242841622066,MN
9.3,336.37287218973876,369.20404256996886,352.37336290618964,MN
9.4,335.80012867695143,368.8269317776299,351.9278506234034,MN
9.5,335.2187260511867,368.4600642137774,351.4876258913951,MN
9.6,334.67193572424486,368.1036313140192,351.05257125587593,MN
9.700000000000001,334.1159698946744,367.79760203643934,350.62257306127816,MN
9.8,333.5658472779406,367.5405854615504,350.1975212902113,MN
9.9,333.0249712081194,367.2720904004746,349.7773094112634,MN
10,332.4907485457085,366.9558776671917,349.3618342346341,MN
1,408.45776783756236,468.3230091849889,438.6840818890235,NO
1.1,402.5640664049568,458.0749512831077,430.5861060054169,NO
1.2,397.08827282883357,448.59300435822087,423.32555404586003,NO
1.3,392.07273721650625,440.1335578100372,416.7560841043586,NO
1.4,387.57135328404144,432.87990648821955,410.7658349853311,NO
1.5,383.1058376835883,426.1730175769541,405.267490337646,NO
1.6,379.1133964245272,420.133459459222,400.1916610552042,NO
1.7000000000000002,375.41933129109964,414.5587407709018,395.4823440360338,NO
1.8,371.910952921661,409.5358890573321,391.0937245516007,NO
1.9,368.7297096713049,404.8041124969677,386.98787366118444,NO
2,365.6664233683039,400.1306928906643,383.1330571599725,NO
2.1,362.6946404712537,395.8484434956587,379.50247178682474,NO
2.2,360.0161954588873,391.8330088669264,376.07328592266964,NO
2.3,357.1931910456624,388.03213181153325,372.8259011683634,NO
2.4000000000000004,354.5725377915298,384.4255885567227,369.74337672595783,NO
2.5,352.04385443253454,381.00051529254426,366.8109755211246,NO
2.6,349.4471067320612,377.7242853594159,364.0158025629838,NO
2.7,347.2166624541748,374.629952484721,361.3465140296471,NO
2.8,345.0877445038604,371.7321959555865,358.7930811833898,NO
2.9000000000000004,342.9605069776957,369.03270621476486,356.3465972236752,NO
3,340.83028637979123,366.52902070289906,353.99911808048194,NO
3.1,338.79554923053996,364.1881780290225,351.74353026854,NO
3.2,336.8471900715536,361.89551387913207,349.57344049126743,NO
3.3000000000000003,334.956591602613,359.5735049939159,347.4830828567228,NO
3.4000000000000004,333.08295384414805,357.3610160841665,345.4672404548742,NO
3.5,331.2804843903246,355.2598888233093,343.52117872216735,NO
3.6,329.6093010078455,353.1650469138748,341.64058854012575,NO
3.7,327.9121712801411,351.3208723427689,339.82153741875396,NO
3.8000000000000003,326.4510983802971,349.6607935021785,338.06042743140483,NO
3.9000000000000004,324.8922818444894,347.93798076623784,336.35395881653454,NO
4,323.37202187944183,346.3005140063485,334.6990983590074,NO
4.1,321.84493079943434,344.67067770320597,333.093051821001,NO
4.2,320.29241780782706,343.12923220456787,331.53323981892026,NO
4.300000000000001,318.9805707032953,341.63439551274627,330.0172766447612,NO
4.4,317.5013023032266,340.2539386795585,328.54295161319953,NO
4.5,316.1439150158288,339.0035667460343,327.10821258328616,NO
4.6,314.5456836636255,337.64327625937784,325.71115135907513,NO
4.7,313.055994643961,336.2045416317492,324.34999071919754,NO
4.800000000000001,311.69088772473253,334.92266502667013,323.0230728632106,NO
4.9,310.31323607932484,333.61352860799286,321.728849093985,NO
5,308.9880829462238,332.5772505647729,320.4658705816319,NO
5.1000000000000005,307.67364853974607,331.36893648620077,319.2327800764543,NO
5.2,306.4399972280536,330.0967652166237,318.0283044568994,NO
5.3,305.23353962049435,329.09179178321517,316.8512480140962,NO
5.4,304.0041985600003,327.90300329566077,315.7004863877826,NO
5.5,302.7844650668666,326.822852170661,314.5749610796602,NO
5.6000000000000005,301.5410951293233,325.9495564739457,313.4736744797946,NO
5.7,300.3247041087784,325.0976407258199,312.3956853498654,NO
5.800000000000001,299.1615143421744,324.17261932293957,311.340104714098,NO
5.9,298.01633855117944,323.1988050422518,310.3060921147477,NO
6,296.82771157505033,322.24447135240433,309.29285219421723,NO
6.1000000000000005,295.71884753646594,321.30794832808067,308.29963157039464,NO
6.2,294.8163420182266,320.5060120912028,307.325715975702,NO
6.300000000000001,293.8127266450742,319.6181365020118,306.37042763374114,NO
6.4,292.76352366164554,318.74671624907285,305.4331228503772,NO
6.5,291.6768301891331,317.9090607047739,304.51318979868233,NO
6.6000000000000005,290.7658069612623,317.1043138721442,303.6100464794208,NO
6.7,289.8101759980122,316.2252708143902,302.7231388407352,NO
6.800000000000001,288.9113917600413,315.4143909459566,301.8519390424363,NO
6.9,287.97827981053774,314.59232790721813,300.9959438518285,NO
7,287.0189070953739,313.7078096594592,300.15467315935615,NO
7.1000000000000005,286.07627140200265,313.03119384442715,299.3276686035501,NO
7.2,285.1498510986222,312.298968783633,298.51449229581135,NO
7.300000000000001,284.23914777090175,311.52599515056323,297.71472563650764,NO
7.4,283.34368488720855,310.76541298107355,296.92796821469216,NO
7.5,282.46300655743164,310.0168601547351,296.15383678449604,NO
7.6000000000000005,281.6076762520949,309.27998978446954,295.39196431190743,NO
7.7,280.824392821905,308.554469385179,294.6419990862417,NO
7.800000000000001,279.9324480431011,307.9028169551054,293.903603891135,NO
7.9,279.0805663998384,307.2879387309441,293.1764552303665,NO
8,278.2667328077736,306.67856460903397,292.46024260424065,NO
8.100000000000001,277.46620789707987,306.0218581490684,291.75466783263965,NO
8.2,276.67776641737134,305.37638297886963,291.05944442120256,NO
8.3,275.8830883260356,304.76539473683243,290.37429696739264,NO
8.4,275.06095259938246,304.20891543903537,289.6989606034976,NO
8.5,274.2378047548247,303.6722123053417,289.03318047385466,NO
8.600000000000001,273.5343557142847,303.11851781429885,288.37671124382354,NO
8.7,272.8440897624141,302.58422488604987,287.729316638234,NO
8.8,272.16415912854984,302.0532418979754,287.090769007223,NO
8.9,271.4604924682903,301.4639942444718,286.4608489175449,NO
9,270.7262916037227,300.8817936541902,285.83934476759254,NO
9.1,269.9807327960448,300.4044105787828,285.2260524245068,NO
9.200000000000001,269.2453427985335,299.94459998048524,284.62077488188083,NO
9.3,268.56603750821597,299.44023154338925,284.0233219366788,NO
9.4,267.907880834452,298.9514962232775,283.4335098840984,NO
9.5,267.2637636290983,298.5404587398346,282.8511612291997,NO
9.6,266.62903124718673,298.0828038442845,282.2761044142154,NO
9.700000000000001,266.06263795228807,297.6163485663497,281.7081735605339,NO
9.8,265.4653557418814,297.1539901678655,281.14720822442496,NO
9.9,264.84390268607166,296.6967730154412,280.5930531656436,NO
10,264.26241422161206,296.23933700629163,280.04555812811066,NO
1,430.63388470450326,492.04111871025486,460.7466525762195,AB
1.1,428.0815564153674,485.8046801227386,456.4005117260488,AB
1.2,425.7974154596096,480.08605965089214,452.4702310918168,AB
1.3,423.7019370248515,474.81226417192886,448.88597955764334,AB
1.4,421.73944491848164,470.2125907043662,445.5939533159001,AB
1.5,419.73559075859833,466.02479934584073,442.55184556289134,AB
1.6,417.8900876034512,461.9696064779895,439.72580658786035,AB
1.7000000000000002,416.28034749786576,458.30645762445374,437.088343238107,AB
1.8,414.51003576239356,454.80721396602667,434.6168303475884,AB
1.9,412.9425149142841,451.66267038536455,432.29243238141873,AB
2,411.3912865276379,448.7125867601625,430.0993070029805,AB
2.1,409.8340269839336,445.943138695276,428.0240066984603,AB
2.2,408.68681739176293,443.27741967086814,426.05502228368067,AB
2.3,407.2861461861995,440.7997210720663,424.18242984047356,AB
2.4000000000000004,406.18606927720907,438.36155515289244,422.3976142444555,AB
2.5,404.9418288314146,436.2514598103247,420.69305022142174,AB
2.6,404.0623020294238,434.0647178185956,419.06212717564114,AB
2.7,403.01792690455386,432.0613275164024,417.49900771792795,AB
2.8,402.0252222199387,430.3582815466572,415.9985124209644,AB
2.9000000000000004,401.0672079208302,428.41325971951164,414.55602519031135,AB
3,400.2462776785936,426.85494727624484,413.1674149896823,AB
3.1,399.18490111333443,425.15246871834444,411.82897065073075,AB
3.2,398.067222035322,423.64250377385656,410.53734623435616,AB
3.3000000000000003,396.92262386433185,422.0390819094405,409.289514963715,AB
3.4000000000000004,395.8523259486302,420.42118603220626,408.08273016859704,AB
3.5,394.7895987432545,418.8569677883388,406.91449200183877,AB
3.6,393.7165076210354,417.58791768461344,405.782518936239,AB
3.7,392.65017623931504,416.45211429354066,404.6847232432578,AB
3.8000000000000003,391.7223424196225,415.3239175939403,403.6191898059621,AB
3.9000000000000004,390.82645244944996,414.26502876148567,402.5841577380646,AB
4,389.8379879777767,413.2265722804807,401.5780043758093,AB
4.1,388.81199853633694,412.2274132207765,400.59923128539185,AB
4.2,387.8575526357612,411.3007830042408,399.64645198971687,AB
4.300000000000001,386.88581405464623,410.4340678694487,398.7183811677654,AB
4.4,385.85650029932367,409.6059345145123,397.8138251201063,AB
4.5,384.8639896935354,408.9348932760744,396.93167332702114,AB
4.6,383.8200771719922,408.36737651168517,396.07089095278354,AB
4.7,382.9439743113101,407.77151699378203,395.23051217199315,AB
4.800000000000001,382.07960599172003,407.19448082698557,394.40963421240946,AB
4.9,381.26051068272744,406.61209143838215,393.60741202418086,AB
5,380.41933018376085,405.7633332659867,392.82305349828664,AB
5.1000000000000005,379.6002033521311,404.8410542064831,392.0558151678575,AB
5.2,378.75894275473837,404.2011396202148,391.30499833518627,AB
5.3,377.9453002807889,403.5858130804785,390.56994557497103,AB
5.4,377.33515618244303,403.1301519176505,389.85003757089726,AB
5.5,376.44524516376345,402.6103164333321,389.1446902482523,AB
5.6000000000000005,375.5007648943737,401.9870057917357,388.4533521700363,AB
5.7,374.7489802297188,401.28053566107195,387.7755021681244,AB
5.800000000000001,373.9671530190511,400.7599147678747,387.1106471845439,AB
5.9,373.1865935964418,400.05177085818826,386.4583203009591,AB
6,372.61593856982347,399.43129962346757,385.81807893706804,AB
6.1000000000000005,371.93798475923,398.72668571598524,385.18950320088163,AB
6.2,371.0985474393163,398.0757996140275,384.5721943758197,AB
6.300000000000001,370.2743952470626,397.67623309863876,383.9657735312719,AB
6.4,369.465013764657,397.3089189884875,383.3698802447617,AB
6.5,368.7944163451829,396.92354979811466,382.7841714251595,AB
6.6000000000000005,368.17405145264627,396.43859031039796,382.2083202275341,AB
6.7,367.47535308285126,395.96331325525097,381.64201505123594,AB
6.800000000000001,366.7511861700775,395.73454029438443,381.0849586136902,AB
6.9,366.20823442046395,395.40482900671714,380.5368670931582,AB
7,365.5871672618331,394.8947896393509,379.99746933441253,AB
7.1000000000000005,364.9601195324859,394.388521135352,379.4665061118827,AB
7.2,364.33891809430895,394.00175941180373,378.9437294453678,AB
7.300000000000001,363.7552467896111,393.657413401878,378.428901963893,AB
7.4,363.1807182196726,393.31385039277,377.92179631371357,AB
7.5,362.61479203751634,392.975195029099,377.4221946068526,AB
7.6000000000000005,362.0572272853331,392.6413131553092,376.9298879068959,AB
7.7,361.5077928141764,392.31207598830997,376.44467574907355,AB
7.800000000000001,360.96626676332926,391.9463686059539,375.96636569192964,AB
7.9,360.43243607358124,391.5146713540117,375.49477289812444,AB
8,359.91320372934445,391.0888727707718,375.0297197421341,AB
8.100000000000001,359.4026842055928,390.6677975921584,374.57103544280926,AB
8.2,358.8991407353504,390.35048520490375,374.118555718932,AB
8.3,358.4023946435433,390.0372751256742,373.6721224660696,AB
8.4,357.9122739151784,389.6543585517221,373.2315834531705,AB
8.5,357.428612871255,389.3526513181975,372.7967920374761,AB
8.600000000000001,356.95125186405056,388.9590547141919,372.36760689644115,AB
8.7,356.4800369904128,388.6009691244133,371.94389177546475,AB
8.8,356.0148198218003,388.2006346695686,371.52551525032777,AB
8.9,355.5509631339245,387.8052293245465,371.11235050332385,AB
9,355.01538294460954,387.4146380292369,370.7042751121504,AB
9.1,354.4736621206222,387.0287496505348,370.3011708506996,AB
9.200000000000001,353.93867498002965,386.6926601866329,369.9029235009548,AB
9.3,353.4102659813326,386.4544808001227,369.5094226752621,AB
9.4,352.8882847998926,386.2173512086078,369.12056164829767,AB
9.5,352.3725860996409,385.9558167061329,368.73623719810615,AB
9.6,351.86302931706143,385.69719528955915,368.3563494556308,AB
9.700000000000001,351.359478456668,385.4414246692689,367.98080176219787,AB
9.8,350.86180189725286,385.18844451259866,367.60950053445754,AB
9.9,350.3698722082357,384.93819636311946,367.2423551363201,AB
10,349.84664302564164,384.69062356402344,366.8792777574578,AB
1,433.62347280597805,482.9231502066976,461.20811775300854,II
1.1,425.7082406196077,471.7063185602749,451.59686507957525,II
1.2,418.84118241387995,461.7681438262871,442.99863887115606,II
1.3,412.4856979136691,453.09454241729964,435.2346394053749,II
1.4,406.8156819838765,445.017972089472,428.1684735801272,II
1.5,401.6457292104363,437.5466928368875,421.69387581664324,II
1.6,396.56549748055505,430.69482207158194,415.7265453548452,II
1.7000000000000002,391.9991625253043,424.52790544187786,410.1985545661277,II
1.8,387.7602324452961,418.72963195226754,405.0544181224242,II
1.9,383.5646762106693,413.35962508376804,400.2482667787458,II
2,379.7167875371472,408.2926377746467,395.7417747480872,II
2.1,376.3907770461306,403.48588777918735,391.5026128480641,II
2.2,373.33332723139824,399.0753716995326,387.5032758466013,II
2.3,370.232104981529,394.9652231730119,383.7201809128979,II
2.4000000000000004,367.1051337401722,391.10363369531365,380.13296565314806,II
2.5,364.303567569278,387.21154960886895,376.72393522209165,II
2.6,361.34371595939825,383.7394952199835,373.4776222595376,II
2.7,358.52723287034536,380.4573490390626,370.3804332488841,II
2.8,355.85607764711585,377.4188835436797,367.4203618070183,II
2.9000000000000004,353.31337755402245,374.3036355850967,364.58675433902096,II
3,350.8937991901742,371.30894837902326,361.8701170466764,II
3.1,348.3276772809238,368.6044838970104,359.26195587954686,II
3.2,346.1191999309108,365.98394236402464,356.7546429404054,II
3.3000000000000003,344.0117934268346,363.61848195012425,354.3413042946514,II
3.4000000000000004,341.8716164693988,361.3166894094519,352.0157252191943,II
3.5,339.83126329816713,359.14071120180836,349.7722697540288,II
3.6,337.58971289679533,356.8223392340744,347.60581205623396,II
3.7,335.6129207935717,354.7119206069579,345.5116775496038,II
3.8000000000000003,333.67078786972263,352.672244486009,343.485592248658,II
3.9000000000000004,331.75325361829,350.63311356812716,341.52363893917726,II
4,330.0761804667581,348.6889240497939,339.6222191377951,II
4.1,328.15877378094734,346.77931903614433,337.7780199448763,II
4.2,326.3258824186746,344.9336609559686,335.98798505870985,II
4.300000000000001,324.61967348029043,343.16050471806244,334.24928934315807,II
4.4,323.0040499533144,341.5161461885451,332.5593164416029,II
4.5,321.5208561939097,339.84192119411506,330.91563901216597,II
4.6,319.7596900806578,338.12876189979687,329.316001226502,II
4.7,318.21820115905854,336.6577424148088,327.75830322990635,II
4.800000000000001,316.4343196586255,335.2145287127521,326.24058730634357,II
4.9,314.7621888019255,333.80414094173744,324.7610255301075,II
5,313.33191896643444,332.38554986735943,323.3179087176098,II
5.1000000000000005,311.9362815616682,331.02533587582354,321.9096365194176,II
5.2,310.61071182881614,329.7851496967632,320.5347085150367,II
5.3,309.2425601903253,328.41380922547125,319.19171619182094,II
5.4,307.92408350543855,327.2305962219913,317.8793357053687,II
5.5,306.4848937101749,326.0396239793687,316.59632133234874,II
5.6000000000000005,305.19150602147533,324.8928532448877,315.341499538262,II
5.7,304.0081190556919,323.5995493695945,314.11376359253796,II
5.800000000000001,302.84937314277437,322.4125463684141,312.91206867183894,II
5.9,301.61121820449716,321.30427751659636,311.7354273997335,II
6,300.358184396693,320.21835022543394,310.58290577718174,II
6.1000000000000005,299.1309402932058,319.21394650396377,309.4536194637053,II
6.2,298.0484939698621,318.2676658441637,308.34673037382,II
6.300000000000001,297.00770649322527,317.1646013772213,307.2614435573933,II
6.4,295.80766060379455,316.16005643155364,306.19700433615213,II
6.5,294.69843710131715,315.23403664917186,305.152695671666,II
6.6000000000000005,293.7071662353347,314.2580962995538,304.12783574285237,II
6.7,292.73406218404386,313.4199277401958,303.1217757134286,II
6.800000000000001,291.7812025511917,312.50236063161515,302.1338976718261,II
6.9,290.779176066647,311.5864847684081,301.16361272792636,II
7,289.81044200737193,310.6303483973518,300.21035925259673,II
7.1000000000000005,288.85141088222787,309.710958618791,299.2736012474425,II
7.2,287.8216479415774,308.87124575129127,298.3528268334586,II
7.300000000000001,286.82913540873716,308.0778868119158,297.44754684839097,II
7.4,285.92369911139065,307.3301555200135,296.5572935436169,II
7.5,284.94488791327154,306.59643950469524,295.68161937224477,II
7.6000000000000005,283.97414338264105,305.86475638587257,294.8200958609245,II
7.7,283.0197585897434,305.0245792841992,293.97231255857014,II
7.800000000000001,282.1182668630432,304.21385848124675,293.13787605582644,II
7.9,281.2338852765077,303.4755429030528,292.3164090696806,II
8,280.37850570728517,302.6916990325012,291.50754958812587,II
8.100000000000001,279.5621936028592,301.98574358961264,290.7109500702416,II
8.2,278.7582312957232,301.3740214220673,289.9262766974648,II
8.3,277.96628472108495,300.72800017905405,289.1532086721958,II
8.4,277.18603273801926,299.99253564532967,288.3914375602164,II
8.5,276.41716648265015,299.2642734739284,287.64066667369747,II
8.600000000000001,275.6589718029763,298.60996232522643,286.9006104918458,II
8.7,274.8588213872313,297.97596632094604,286.17099411648616,II
8.8,274.02898719058817,297.34252492593345,285.45155276009694,II
8.9,273.21234682783006,296.7297673205937,284.74203126402034,II
9,272.41117905595286,296.13660281518776,284.04218364475184,II
9.1,271.7125384012077,295.5430011364126,283.3517726663803,II
9.200000000000001,270.96371087326736,294.95705800993227,282.6705694374029,II
9.3,270.21602658309394,294.3785929757579,281.9983530302766,II
9.4,269.4783693627,293.80743170896807,281.33491012219463,II
9.5,268.75050019486906,293.24340574847776,280.68003465569325,II
9.6,268.0342963527737,292.684944959404,280.0335275177959,II
9.700000000000001,267.34872285643456,292.1300443189654,279.3951962365031,II
9.8,266.67190780237985,291.6176418471991,278.7648546935209,II
9.9,266.00365162330945,291.12153349116846,278.14232285220305,II
10,265.34692935883265,290.6095250097615,277.5274264997581,II
1,417.92096810905826,466.8252001863531,441.9550779232063,MI
1.1,413.12999565004395,458.95055717757464,435.39520863112415,MI
1.2,408.50789259952097,451.67521460640626,429.492795285771,MI
1.3,404.36190207331856,445.29100320210745,424.134803940554,MI
1.4,400.4001338339555,439.1440572852483,419.23454772686324,MI
1.5,397.05301797608575,433.5321518251385,414.7241547827673,MI
1.6,393.80506041825487,428.38760848013897,410.54953607741686,MI
1.7000000000000002,390.7224659492614,423.63023035824096,406.666922233161,MI
1.8,387.7880862401665,419.35237105759376,403.0404184831984,MI
1.9,385.2011552877477,415.0958871918517,399.64023962504484,MI
2,382.524475437643,411.4911764476152,396.4414107085367,MI
2.1,380.0005960018695,408.12778548172037,393.42279386316267,MI
2.2,377.6740244210447,404.92276310841464,390.5663480537204,MI
2.3,375.3493667110202,401.87723746898405,387.856558149149,MI
2.4000000000000004,373.163412850271,398.95511413989453,385.2799890290887,MI
2.5,370.8642974485399,396.1188873522805,382.8249333639166,MI
2.6,368.6694525414633,393.5697423258426,380.48113049176607,MI
2.7,366.6414952284421,390.93740079655936,378.23953990311327,MI
2.8,364.8235405204211,388.649798490272,376.0921571278696,MI
2.9000000000000004,363.1223642093927,386.4560947769273,374.03186287993464,MI
3,361.28457825091965,384.2939263909295,372.05229852933564,MI
3.1,359.5112460672506,382.10141634095316,370.1477625957007,MI
3.2,357.79932294072336,379.9571724521233,368.31312416060445,MI
3.3000000000000003,356.0104507961135,377.89498702506506,366.5437499984152,MI
3.4000000000000004,354.4755505339279,376.15191104776295,364.83544290801944,MI
3.5,352.8635871625513,374.39976538798715,363.18438924934105,MI
3.6,351.49540744084146,372.8386073968012,361.5871140904393,MI
3.7,349.91480517940886,371.26673175233174,360.0404426831468,MI
3.8000000000000003,348.53733138921734,369.6470863255952,358.54146722956654,MI
3.9000000000000004,347.2092062417982,368.1683067787377,357.0875180943994,MI
4,345.8963680035355,366.65104453670534,355.6761387709937,MI
4.1,344.52349900699505,365.28143832632395,354.3050640311608,MI
4.2,343.1103532230929,363.9285620828559,352.97220078697916,MI
4.300000000000001,341.7047960164504,362.5975247985297,351.6756112721615,MI
4.4,340.38219659629266,361.2418165585609,350.41349821504986,MI
4.5,339.1744423828108,360.0053570381063,349.184191727988,MI
4.6,337.800817867637,358.6395043773962,347.9861376810675,MI
4.7,336.48343417924406,357.3778930381864,346.8178873639143,MI
4.800000000000001,335.3751283979222,356.15327462876917,345.6780882687337,MI
4.9,334.3046602321765,354.9579760962232,344.56547585241657,MI
5,333.0927050919847,354.01014471107214,343.478866156051,MI
5.1000000000000005,332.141454828795,353.2572105694076,342.41714917740467,MI
5.2,331.01865889025754,352.2462608546515,341.3792829064448,MI
5.3,329.93339140748225,351.2160217929944,340.3642879462104,MI
5.4,328.86082442256975,350.2043754840313,339.3712426517328,MI
5.5,327.8171334847747,349.2602625877687,338.3992787285333,MI
5.6000000000000005,326.77396653933573,348.4517360662941,337.4475772397575,MI
5.7,325.82267434617285,347.6593453106199,336.5153649774549,MI
5.800000000000001,324.7988219440876,346.80811850602964,335.6019111590445,MI
5.9,323.77455335085114,345.92623883566966,334.7065244147694,MI
6,322.8134633945415,345.0849822713628,333.8285500360535,MI
6.1000000000000005,321.83185212660425,344.31617401826054,332.9673674582308,MI
6.2,320.8698526488451,343.475117208995,332.1223879541994,MI
6.300000000000001,320.01781423153477,342.7910354934369,331.29305251824024,MI
6.4,319.0945228103138,342.0204626305293,330.4788299215738,MI
6.5,318.22442343182956,341.2407193856346,329.6792149232739,MI
6.6000000000000005,317.4387716938378,340.55152692717996,328.89372662194575,MI
6.7,316.6045113351975,339.85084261777445,328.1219069351444,MI
6.800000000000001,315.84082662875136,339.1284152682757,327.3633191948894,MI
6.9,315.02543536952334,338.4596977491937,326.6175468488488,MI
7,314.186133137617,337.79739685555563,325.8841922578363,MI
7.1000000000000005,313.38722445076303,337.14575844313913,325.1628755812163,MI
7.2,312.5794627295494,336.50659917170964,324.45323374265223,MI
7.300000000000001,311.8520876515215,335.8806005071124,323.7549194693781,MI
7.4,311.09106112984625,335.2642602923144,323.0676003988396,MI
7.5,310.3420700075394,334.6739566884385,322.39095824713974,MI
7.6000000000000005,309.604767238238,334.0858473275554,321.7246880342515,MI
7.7,308.878820183734,333.4578263861833,321.0684973614326,MI
7.800000000000001,308.1797151629686,332.8929652472607,320.42210573669587,MI
7.9,307.54554524136614,332.35053821890943,319.78524394457,MI
8,306.87065935680624,331.81580162649783,319.15765345672116,MI
8.100000000000001,306.1992050528875,331.28668606646096,318.53908588031237,MI
8.2,305.53645545310405,330.7678063472691,317.92930244125165,MI
8.3,304.8853522915915,330.2535031073066,317.3280734997257,MI
8.4,304.2035438288687,329.7444834468851,316.7351780956407,MI
8.5,303.5240432227773,329.21888620941985,316.15040352179125,MI
8.600000000000001,302.8906762236271,328.7002596950446,315.5735449227626,MI
8.7,302.2877924242094,328.1878618935029,315.0044049177346,MI
8.8,301.6929784546404,327.68006869080284,314.44279324550695,MI
8.9,301.06682122193826,327.17878591009486,313.88852643020033,MI
9,300.4171009701092,326.70962765775613,313.34142746621126,MI
9.1,299.81576266089706,326.26064192826044,312.8013255211124,MI
9.200000000000001,299.2319778465462,325.8171702057861,312.26805565529025,MI
9.3,298.6569621350782,325.3790859312551,311.74145855720747,MI
9.4,298.0891837635488,324.946266772106,311.22138029326084,MI
9.5,297.52847608725716,324.51859443794166,310.7076720712846,MI
9.6,296.9746780018985,324.0959545060615,310.2001900168198,MI
9.700000000000001,296.39303970222585,323.67726414591806,309.6987949613354,MI
9.8,295.80859699130747,323.24013955458156,309.20335224164677,MI
9.9,295.2425901951435,322.77216371876636,308.7137315098318,MI
10,294.74504909868756,322.3261932902873,308.2298065529955,MI
