fdis,targets,replicate,grams_required
1.7892032459914884,4,10,306.3321145569787
1.7840189012853807,4,10,256.5301323041942
1.7129097849175121,4,10,388.11824602582357
1.6888492863342477,4,10,507.7297829858138
1.7444831838729258,4,10,264.40669173885635
1.6686807740259084,4,10,196.31366561238957
1.7259985862142337,4,10,343.43857693415697
1.7070438179376688,4,10,524.1840565536355
1.7575415709618494,4,10,477.94377965021596
1.7650184586808517,4,10,133.60096409877653
1.6194782760472637,4,10,500.21083291118117
1.739369623580113,4,10,356.29461615824283
1.7348561513941683,4,10,202.03721229877587
1.7107271375030908,4,10,167.79615637331864
1.6461215158717273,4,10,453.34427749812926
1.7902402661556962,4,10,437.33549301478035
1.7228811801650799,4,10,327.4680353433935
1.7648399893423217,4,10,297.96220720080834
1.754513680667617,4,10,280.0400143236224
1.585374055946491,4,10,393.7403184997728
1.6542433674040773,4,10,151.50072226766957
1.8238803312429908,4,10,470.77505079046307
1.8117820571135836,4,10,414.5914182858597
1.7019455151659966,4,10,245.56329491372153
1.7356707232665964,4,10,303.7638999105986
1.7249385061691787,4,10,234.2105728289429
1.7772955838314661,4,10,173.08312623092263
1.7926098537452007,4,10,206.1882509144397
1.8277781441772905,4,10,356.5786722124555
1.7872176541475788,4,10,292.55166593023745
1.7076480824107627,4,10,337.98525025214775
1.806536088050014,4,10,320.96336559807656
1.7990948294056441,4,10,149.4410489654667
1.829055616919176,4,10,604.3274159607187
1.704574409844859,4,10,306.0205874075093
1.5998755253529098,4,10,487.0416952143322
1.756822591101067,4,10,204.33430507613002
1.8021917876118998,4,10,193.11697830293198
1.822880239746496,4,10,349.11912073702933
1.8485814084325907,4,10,413.48960615115016
1.75757060545303,4,10,214.4267796652116
1.7096030248692042,4,10,335.5074005787503
1.8565840694881257,4,10,487.5406283856988
1.7094207764181586,4,10,453.7815915946348
1.575939200828013,4,10,222.95278252297913
1.7874347812059903,4,10,313.186515989444
1.8321165818663392,4,10,515.0766512749364
1.814007651013186,4,10,385.8865564984368
1.8014800117258898,4,10,246.5629580249394
1.7965899896489088,4,10,343.54696334703806
1.7572819966724988,4,10,376.5388410273932
1.6997522201968542,4,10,384.9340656062375
1.750696693762499,4,10,204.603968180294
1.6662068725788277,4,10,183.91920763474465
1.6665671458340878,4,10,232.60126768660064
1.7754316497456841,4,10,183.61896765573988
1.7165188852692765,4,10,176.08752275659737
1.764830164037166,4,10,184.4668990098428
1.7956446695681332,4,10,246.13797791790714
1.8777376037644047,4,10,267.8281571258522
1.7616297601403588,4,10,247.96234645850078
1.6602426272965474,4,10,287.6835480970932
1.791595204148867,4,10,207.13842750402455
1.8063643620346077,4,10,231.76587354811022
1.7945571179482467,4,10,334.15944975077275
1.7532411558933032,4,10,227.50898328700052
1.743796869252614,4,10,243.0954518849866
1.6951144435789622,4,10,211.15650948134208
1.787596118305983,4,10,267.1842886503768
1.8364525786675263,4,10,592.8839806042241
1.7304545134291829,4,10,482.56725781155745
1.763450626604019,4,10,558.6789218625452
1.7993650912336339,4,10,219.81296998288164
1.7212482591292566,4,10,187.30990274750926
1.6371004659931425,4,10,409.93000726102576
1.6826673912575738,4,10,452.30189356546714
1.819475127184268,4,10,182.05816758454327
1.798827601767325,4,10,392.0614952811588
1.7337491504814964,4,10,460.01392819949274
1.8243209740392277,4,10,678.6050895381716
1.7478892487219084,4,10,335.35247420811316
1.7378223843930194,4,10,230.4505482802628
1.801206798968181,4,10,432.88493368338095
1.7530635469942637,4,10,291.48626231029186
1.6775096643091565,4,10,245.76432238799939
1.784432707414933,4,10,241.77217391666426
1.8329601575395025,4,10,249.86837291069884
1.7556318095167736,4,10,230.27546702743157
1.7627554607324771,4,10,515.2951765806149
1.7591758508383601,4,10,477.75311263391563
1.7884977364692733,4,10,478.1003479508088
1.8126647434875793,4,10,226.69576528712102
1.8048806392313552,4,10,458.6015887232927
1.8024167479912552,4,10,365.2375058336546
1.667211834155934,4,10,337.7717965958213
1.7742025788046867,4,10,218.17141016343885
1.7408167539571635,4,10,304.0270665163084
1.7937199465724187,4,10,533.3201649341992
1.6735770932899765,4,10,211.7552747650735
1.7390021093836012,4,10,316.03831755580313
1.667278807728119,4,10,291.65353637183415
1.7530440175705948,4,10,204.38231159091123
1.7404000703103364,4,10,325.72658355468525
1.8125943113599774,4,10,292.5560732473724
1.8268689444131834,4,10,250.87732397521094
1.7514069360613693,4,10,234.2816349229513
1.6295911517899158,4,10,391.92414177594543
1.8140102521789607,4,10,390.29231445540336
1.729435170729999,4,10,483.29622524503884
1.7251806626160815,4,10,320.6413886398334
1.7740168601313708,4,10,393.7503076174278
1.7521145804719116,4,10,275.1576833688472
1.7928865896402182,4,10,455.07577426783286
1.7238345047208228,4,10,303.5200228786648
1.789985314943579,4,10,299.2419204681474
1.760371536614508,4,10,198.7631724968559
1.7652949138652463,4,10,387.6642765830778
1.8297404019797057,4,10,254.61766546067844
1.8320391886105445,4,10,160.77206317448906
1.7873475170735411,4,10,606.5711878685762
1.7421754760322774,4,10,192.14760742602925
1.7882228975096273,4,10,407.7471967380224
1.7519392453581868,4,10,250.40305451979998
1.6579244050192172,4,10,342.5439598081753
1.822007509866184,4,10,325.4576278916826
1.7775548846529137,4,10,350.6452108003447
1.7388938900995075,4,10,533.1358756016291
1.7293250095128356,4,10,378.22674693478734
1.739652240009341,4,10,257.938232713629
1.8301224468962094,4,10,226.70739003117228
1.719925516876409,4,10,327.7346458464302
1.6582471292255607,4,10,350.64642317457464
1.7413496922828131,4,10,211.01228984421493
1.7374784990533407,4,10,320.30138462210664
1.7042421305234008,4,10,222.33110041542977
1.6701165969456007,4,10,141.47208946432954
1.780475098747586,4,10,211.49341196762833
1.7468557393131827,4,10,373.18903357368487
1.8196858156987041,4,10,263.7208075717174
1.7934390307258479,4,10,182.3699311236534
1.6862084811038085,4,10,325.24242606757815
1.6072960545170467,4,10,479.0108736505139
1.6313821055532451,4,10,363.11000084624806
1.7952730039455709,4,10,409.99943055634645
1.7299184070565523,4,10,344.4788932450888
1.7117131977391935,4,10,294.3810026126314
1.8070745519062232,4,10,227.48914735065145
1.6973866161780744,4,10,263.50332550956176
1.7248008380000168,4,10,457.3970986470402
1.556941704078373,4,10,268.3603477653021
1.7172619733217895,4,10,228.65779588747523
1.740758710263147,4,10,222.26296014162966
1.702110758377955,4,10,663.5883540243868
1.7954672098889248,4,10,162.8622143163293
1.826602968219854,4,10,394.67266452176693
1.7934040590065468,4,10,270.6230612730345
1.6726666369746586,4,10,670.0939549725225
1.8224370814551765,4,10,230.01382702564072
1.6677667397640004,4,10,294.9120333365498
1.8692877115974802,4,10,365.99136092642175
1.71137973443013,4,10,145.83597773570742
1.7956804970939726,4,10,470.8681475760568
1.80595201826306,4,10,178.9344784117469
1.6801992367504943,4,10,241.80927069876165
1.6946539006801014,4,10,187.86694965169667
1.6444170276390975,4,10,448.9217860673917
1.8482807135678416,4,10,203.4158838309969
1.6688516732589895,4,10,690.1509705248023
1.6734182808078255,4,10,409.1327522132945
1.777830076455127,4,10,630.3330259487095
1.5722182597225671,4,10,356.75480539520856
1.7325618726295509,4,10,125.4131500664557
1.7840109057168054,4,10,242.5001208170245
1.6928048383115466,4,10,377.61097487520243
1.7266980010233133,4,10,393.65783332204757
1.6771491920650778,4,10,272.59353275449274
1.6748681110646584,4,10,280.93906483709435
1.716087297895911,4,10,237.95232710452802
1.7725635688498056,4,10,542.3320277191925
1.6102126158314605,4,10,256.00303411003387
1.719658611644552,4,10,597.8576766586398
1.694229092397245,4,10,545.472255592714
1.7573857052588462,4,10,273.86248533786306
1.7132749713264457,4,10,593.0953812697184
1.7681628601610637,4,10,230.98909981687055
1.7244398744022322,4,10,271.8349101572453
1.6981184503597384,4,10,218.97813215941594
1.7632808949721877,4,10,307.72737633918393
1.7968148916989317,4,10,380.15695874433004
1.7768219912860175,4,10,457.2716480654488
1.730925304932977,4,10,341.1759773054794
1.6829282264291894,4,10,240.74688856141793
1.688699199422525,4,10,216.13817234766523
1.702700210810594,4,10,456.47625689469345
1.6454202982385133,4,10,325.96393269448424
1.6954023459439593,4,10,237.84186819124562
1.7197288836245668,4,10,393.0560104814936
1.8204285006428667,4,10,324.1674177363782
1.8338046189428634,4,10,150.26322897790595
1.6861172851474748,4,10,167.20765864158375
1.6858196246287591,4,10,195.81608740936417
1.8227554382048243,4,10,381.0377818012545
1.691424382298229,4,10,588.1138000203039
1.5594352090546968,4,10,297.7739623847677
1.7270927064754609,4,10,352.1069361806178
1.786061610658514,4,10,211.67772234770754
1.7638973399754565,4,10,213.5936707923471
1.8042762903371425,4,10,302.730460570759
1.7870504691410456,4,10,483.3356998338839
1.7869962874770813,4,10,317.87320287178926
1.7376042401627019,4,10,241.06297291867952
1.6955147888646387,4,10,216.92008309726342
1.766361540756472,4,10,414.66692263390286
1.7047449846115836,4,10,172.9929217062869
1.6662656551976176,4,10,237.57621651648023
1.845591598223572,4,10,227.89668076081028
1.8002459793097618,4,10,461.08244593259417
1.7534484065839897,4,10,390.59185733155016
1.7380201271863633,4,10,226.58649166865504
1.6607106241693395,4,10,231.02592624283395
1.7912332494642111,4,10,360.57331156538896
1.7869586368952899,4,10,230.41051390106034
1.828513798157784,4,10,139.97315340838583
1.8229503004145537,4,10,195.81847480521702
1.8264771709040162,4,10,215.57695961361642
1.6194331936490172,4,10,389.51554004706645
1.7534388537643342,4,10,455.1344859192768
1.690517812652923,4,10,459.70846821307487
1.7589942117303992,4,10,334.6339835175862
1.792550456403602,4,10,317.79661016949154
1.8224013364228093,4,10,266.8293242954513
1.7445577056408184,4,10,212.27263253270323
1.726431086259567,4,10,243.89354756391964
1.7637125659765924,4,10,301.4540372311686
1.7188027346186279,4,10,270.92414159871765
1.8403302534861425,4,10,224.58618658299545
1.8120975757670514,4,10,200.4545921805576
1.679656483961414,4,10,288.15626190162453
1.7397269913237483,4,10,233.47275331740462
1.8414314520428499,4,10,314.0470634418686
1.8244043915017827,4,10,334.17909524104215
1.8006151084680067,4,10,161.24332355062697
1.7498292653245897,4,10,526.085050416484
1.7146717026274003,4,10,205.0492009590661
1.6729850284506202,4,10,223.18351319040772
1.7802553852553131,4,10,394.1102413925229
1.7810111967404392,4,10,354.0424314489813
1.7468294351246147,4,10,339.41450997030125
1.7914208042860182,4,10,294.41949920715285
1.686348517747145,4,10,403.9747184766114
1.762953681411395,4,10,221.22896788492818
1.6460295252051824,4,10,450.21103642332343
1.8376465700865268,4,10,122.59391204470593
1.6698662679161635,4,10,210.11266065770585
1.7804706661580387,4,10,190.26090659321991
1.8293283159680844,4,10,530.0547679088942
1.7112102112665606,4,10,219.39557210574634
1.7786293008622007,4,10,349.5247050597787
1.7446431704989673,4,10,429.1318671268272
1.6929133657944129,4,10,230.7280293354209
1.8133114257155651,4,10,344.5875391576749
1.784770325034937,4,10,549.5585793380793
1.7421392020232414,4,10,336.7371235498885
1.7351624050638406,4,10,242.84288065621544
1.7115645098056516,4,10,218.13932350840747
1.7234744713727135,4,10,320.82807763842146
1.7715437214678817,4,10,318.10720855569156
1.697306873714599,4,10,265.662403744423
1.77374926874286,4,10,420.76813560755915
1.7782990722700784,4,10,356.3904066830329
1.7783722480944906,4,10,230.3046845678802
1.7883816606793999,4,10,225.35812491308735
1.7320115539685195,4,10,359.4971815634952
1.7704573597231037,4,10,288.9833660840011
1.793437115274371,4,10,258.97106957449614
1.8319229088667643,4,10,488.20203598072254
1.7770207230094588,4,10,233.47436913030853
1.718752875543012,4,10,215.68553049653605
1.751196707535734,4,10,241.51016478547618
1.7288814145825224,4,10,237.05004389815628
1.7787475551954508,4,10,374.6617636855617
1.8015767586309603,4,10,254.77707006369425
1.795410099319757,4,10,241.77654179221702
1.773208916917961,4,10,329.9743770967918
1.7773236871587792,4,10,741.0130118356244
1.6940453436743141,4,10,504.9078242680339
1.7338470896636042,4,10,336.94385120014977
1.7811644272217688,4,10,308.73030244519055
1.8245729004720779,4,10,303.9167845452237
1.6032264591693122,4,10,166.37764383071666
1.6235043697230283,4,10,507.0090275975275
1.7639368945000413,4,10,262.33628824436266
1.671895915957456,4,10,554.7667007892218
1.7107736895261012,4,10,236.58937933189168
1.602822413310514,4,10,206.6222428844465
1.8349235030154596,4,10,438.549167974773
1.7652176353587237,4,10,305.3133352614113
1.7940231087107101,4,10,356.8517211080163
1.8792673804949334,4,10,338.264232527988
1.7418982424215539,4,10,480.38193483182346
1.8324529430177212,4,10,341.5791986427974
1.7619877029683877,4,10,415.2408781575608
1.7867192196450161,4,10,743.4231390452028
1.7416841220409434,4,10,387.1849524440083
1.7011499539842838,4,10,399.1372185377064
1.7338441663765232,4,10,436.4422337529183
1.8260887028274808,4,10,241.0256982492161
1.691490354497181,4,10,355.3046490626372
1.6445127740641403,4,10,447.4133913313656
1.8622029856540898,4,10,152.4209528003116
1.7501789349509718,4,10,184.05190263654353
1.7779543503324504,4,10,182.7366763207085
1.7361060479674824,4,10,268.51811564926066
1.7076365101672806,4,10,366.9394861746375
1.6214114229978307,4,10,299.42260358322716
1.7176910033857307,4,10,261.5365185360842
1.8001479490749621,4,10,315.8650394831299
1.795515749186848,4,10,284.10163555254104
1.6159791494034839,4,10,320.060664535438
1.7604485561387542,4,10,214.51897874517303
1.7310751065276808,4,10,533.234586187743
1.764281554156084,4,10,227.1883635129935
1.7486630084180395,4,10,360.739516007816
1.7815967458357616,4,10,209.2073061077324
1.7575938835706235,4,10,496.01994100368887
1.7745214246756458,4,10,407.50383321156244
1.783541470441902,4,10,236.3055545270018
1.6655829098856063,4,10,326.7721678345813
1.7438206681912258,4,10,237.85756705669675
1.8323132133286577,4,10,207.77214740909182
1.723122192153247,4,10,351.56168539062605
1.7882735319341456,4,10,394.8904518518325
1.736129082567783,4,10,206.46387443998887
1.776530815189877,4,10,218.3674606014921
1.8084435762840574,4,10,386.16724412972155
1.8037705447936343,4,10,266.4613927048792
1.6920708890632388,4,10,312.1356069676298
1.7596723460972392,4,10,399.1058071345392
1.8255386318778482,4,10,381.6683533323695
1.7211273144105497,4,10,303.4658071166272
1.7764948151015976,4,10,420.64562730372523
1.737651807999502,4,10,262.396271473933
1.6988318589268083,4,10,243.10735399745843
1.7385937449758297,4,10,355.9084045287551
1.7216779630951748,4,10,417.5711279391539
1.6797318590274735,4,10,503.5652611231939
1.6773429957590207,4,10,353.45920211887005
1.7219675504581062,4,10,427.4943252354858
1.7992813822179579,4,10,380.9961134314329
1.8052850127287718,4,10,238.55507362303013
1.75052889695236,4,10,344.5471866532702
1.527724034075057,4,10,272.6313796554242
1.86210756661847,4,10,257.38579781937034
1.6250322615580597,4,10,229.08636016470737
1.7717987543503384,4,10,329.16270647238406
1.769084415266536,4,10,332.2252168168042
1.7030857857710884,4,10,297.6832701774137
1.6706048964709606,4,10,452.32475335949516
1.7948205239023185,4,10,375.237556880194
1.8471264007150616,4,10,172.3613154262725
1.7793565783451317,4,10,319.4810852675654
1.7734328788719336,4,10,252.292238509607
1.7722279019868137,4,10,326.85669812450533
1.6234511248083154,4,10,478.48706945657545
1.7742070153171867,4,10,269.95275993230484
1.6959076112696967,4,10,475.99843978289186
1.768404805565431,4,10,328.9689509966023
1.7161123806017458,4,10,239.3203302620558
1.694678619122956,4,10,225.868180820027
1.7691495741574215,4,10,233.72392246976148
1.7959229226856628,4,10,147.29162526646854
1.6990674643352779,4,10,516.9452489337539
1.761716286369974,4,10,411.50947419119746
1.7383609209794286,4,10,156.3249735658812
1.6681748973998327,4,10,269.88031845877583
1.804849215247121,4,10,393.9275191838936
1.7840100790337678,4,10,264.80128869960504
1.8253553005929894,4,10,356.18097496874117
1.722957764587624,4,10,399.3522617246011
1.7385745302912294,4,10,214.15252225197142
1.847493138065089,4,10,270.1427897603019
1.7284618504361362,4,10,329.69200722172025
1.827114001652701,4,10,242.8846601470127
1.7500013739410503,4,10,498.9119298355603
1.8184073843224442,4,10,304.6789989118607
1.7399951537732086,4,10,222.31397084511067
1.6987315987773468,4,10,250.51581903015588
1.5758045513637777,4,10,458.6755218561446
1.6997889054464956,4,10,455.48348632734803
1.8096857187342734,4,10,224.02987064941996
1.6945878442020461,4,10,344.67202041475963
1.8211641277765076,4,10,160.19773655083668
1.8075445323221035,4,10,231.07818145139103
1.7803545180537,4,10,369.5131657198804
1.6406969393844257,4,10,334.34048244093316
1.8361460989885,4,10,328.3423272782549
1.820474143431643,4,10,196.59347200454351
1.7828695068008358,4,10,377.11331232439727
1.5518326083381446,4,10,356.67107001321
1.7862166538728488,4,10,387.6586202485714
1.7544364741970235,4,10,216.81912966271798
1.7453217363973983,4,10,363.57878912508136
1.6933306079176926,4,10,431.2678304432874
1.7526588514779242,4,10,361.51660735744036
1.6550636575494875,4,10,283.15667253455183
1.5558399944522034,4,10,236.9961676214958
1.8366232337729909,4,10,209.82566983930855
1.7687687747528407,4,10,170.977284446495
1.8154474229071091,4,10,350.93582887700535
1.8186361874540693,4,10,704.659561349423
1.7739010472147174,4,10,227.47651515607416
1.7376324980777913,4,10,474.46234661168927
1.7941414391580737,4,10,348.87021244900893
1.5460439082349784,4,10,410.0594748960614
1.6880519356316146,4,10,348.92905796974094
1.7587335375315871,4,10,345.4070027157813
1.766038117908441,4,10,271.33913153652435
1.816150047386235,4,10,370.80090051647267
1.784702871205544,4,10,369.5339765961815
1.767955741198741,4,10,165.69228534812643
1.7194018450520931,4,10,285.7443612262289
1.8138923255912585,4,10,409.74287752350045
1.7429447942966039,4,10,243.27353502511409
1.8092309907249107,4,10,167.3925247161539
1.7650121441845883,4,10,264.58359581705935
1.7472214899901921,4,10,221.07228244849833
1.586623623722823,4,10,233.91033437182415
1.6967774134596485,4,10,450.90180360721445
1.7169435913209246,4,10,327.89719257156196
1.7911766472022612,4,10,411.55871805404064
1.792113125140192,4,10,326.8864069735767
1.7589996683102214,4,10,216.69710157393726
1.7686862512571218,4,10,184.29719629357862
1.7751028564718343,4,10,526.6528220811166
1.7564621820437114,4,10,387.51980623148535
1.6994606051342376,4,10,241.7428873636645
1.7318659998385475,4,10,493.3082925867861
1.66025813406996,4,10,237.70455054328366
1.7906697262238112,4,10,495.09466298366016
1.7040972827563468,4,10,209.90519282124245
1.675536227476752,4,10,455.7342510597967
1.7674685848571952,4,10,447.4830337895371
1.727892775670726,4,10,288.18191140083474
1.845988203314964,4,10,482.1612395401146
1.844583987982236,4,10,231.66637545865262
1.6846851745076177,4,10,542.2395578217153
1.5537346532777037,4,10,447.1744166547627
1.7279086803922041,4,10,252.9346779465719
1.8285072524778996,4,10,167.39714707433632
1.6962361206701804,4,10,345.51707590178364
1.7754386661677546,4,10,210.06077014317583
1.7905958148080625,4,10,295.7607624055209
1.7677956890890538,4,10,650.759219088937
1.678736562166781,4,10,162.0357867609046
1.8474709103320386,4,10,477.8976304683407
1.768796520773583,4,10,171.84833231516322
1.696854782276041,4,10,211.12721406051392
1.7312966676184378,4,10,172.6973805595887
1.7339332759546593,4,10,546.448087431694
1.692322406665473,4,10,190.1130644641716
1.7043983900859971,4,10,321.2794418305164
1.6779602333138215,4,10,209.67820220356262
1.7588768087973186,4,10,264.51143241371955
1.7533979993099131,4,10,416.41765148156
1.7882180450454759,4,10,263.1164049946176
1.7595115034551447,4,10,341.51547491995734
1.672293457186002,4,10,408.72215838327685
1.7282863323845548,4,10,214.70997660464286
1.6764781625540373,4,10,231.7146413594801
1.75799126000331,4,10,339.71759757951725
1.7195425266273088,4,10,461.08257880577116
1.7268549411779746,4,10,549.9625719916284
1.6892321442909661,4,10,507.93650793650795
1.7566769286449238,4,10,355.9270571940083
1.8016567768480023,4,10,224.63899361730859
1.8022004211250302,4,10,394.55772242835764
1.7853203863904485,4,10,515.2722838533148
1.6909782723032343,4,10,418.520243207594
1.808217961416959,4,10,287.17070270132507
1.7148812581620294,4,10,327.92022812135025
1.7428781928703247,4,10,202.54015646933397
1.8233721762273496,4,10,509.6101339629918
1.7931322596323551,4,10,456.9908722722602
1.744243230269874,4,10,574.345883854499
1.7655998830300006,4,10,491.31666041147764
1.7546002942776304,4,10,251.07987594794278
1.7951764495258267,4,10,228.27412405495488
1.8115784430557103,4,10,350.3624836099368
1.7293733940569207,4,10,379.8650023092627
1.7645460193888742,4,10,276.8875785155749
1.7850092074393349,4,10,354.33070866141736
1.7876532844657465,4,10,371.81352988122626
1.6771511991815344,4,10,451.80357634533425
1.71602139464159,4,10,522.1174764321972
1.7998839143909233,4,10,153.92780864876164
1.7571984361454576,4,10,345.0920989702093
1.711101355301059,4,10,425.07714264561633
1.7906685280416674,4,10,390.42774453469144
1.8369157535893788,4,10,404.58140274152066
1.747615187850877,4,10,350.0696897993583
1.8013977126666962,4,10,363.5353815859231
1.832791242351527,4,10,359.1111997805432
1.8113144907246503,4,10,505.12136944015725
1.6975601220986927,4,10,333.7869933132406
1.7143251276974358,4,10,174.88079323596068
1.7059767137958726,4,10,277.3690009322681
1.775727003930065,4,10,207.4305431946419
1.6871987109211672,4,10,235.54658355710805
1.749869895886031,4,10,299.61309249291577
1.7420611433285198,4,10,374.1963483772161
1.7385623283332603,4,10,421.80320871726633
1.7533250024921663,4,10,282.5956705401288
1.7375568491612963,4,10,326.23470774807436
1.7706796309037671,4,10,313.7373379386876
1.8110126321134135,4,10,173.02903111295433
1.8397713656190031,4,10,154.45235662982284
1.8348648362001334,4,10,231.96445666314833
1.7592480451802917,4,10,431.24414662300984
1.7172043149719785,4,10,373.34767541514594
1.8379405842682686,4,10,208.8543640369132
1.7427235434172208,4,10,412.6783974322233
1.7882046796568776,4,10,312.73602537293715
1.8189474476808212,4,10,565.3843435652194
1.853139195747842,4,10,226.61164040449577
1.6483951952784601,4,10,239.95574149656844
1.780720412550961,4,10,378.1323463212124
1.662754613171117,4,10,414.3360265175057
1.7810791280420788,4,10,283.31830794496847
1.7585494510852868,4,10,261.13719028818355
1.7880573985578387,4,10,211.8280762984557
1.8363375124280517,4,10,478.13209727331895
1.7826101613207428,4,10,260.007896536117
1.7949585237088814,4,10,555.7128972826234
1.713880121271373,4,10,341.6370106761566
1.685826410871385,4,10,367.3407432472312
1.599918617793523,4,10,411.36755974278213
1.6761405704748582,4,10,348.5433903764395
1.801417340580371,4,10,335.15403435035597
1.6810596950827041,4,10,217.44975491197857
1.7791384532894305,4,10,447.1327056335368
1.7927940097511903,4,10,223.35881130567853
1.7265196664605704,4,10,332.6895277561487
1.6646688960031288,4,10,168.84116669246183
1.8123573358614269,4,10,309.75523120119703
1.791865190933128,4,10,198.1237990710195
1.7244323469434941,4,10,379.6267004112622
1.819729198775453,4,10,332.4469225401573
1.8271672080318346,4,10,187.82733418941282
1.6100042915473989,4,10,202.02398099478108
1.6932290278320443,4,10,234.33268266751804
1.7599605762760788,4,10,234.71081051293316
1.8357401701960723,4,10,212.47005289408241
1.6333443252815958,4,10,426.3180332528066
1.7423702389668108,4,10,240.34757234693214
1.7051704790572273,4,10,181.1106611293759
1.7072812558633714,4,10,274.34842249657066
1.673423535984084,4,10,207.47667857674054
1.7593027153414973,4,10,193.9373043792121
1.7251471200850883,4,10,348.7454849914889
1.7783465670004532,4,10,499.53416456875533
1.7955050979983778,4,10,442.46881209414755
1.7799862965837598,4,10,300.216346382949
1.7526944090407384,4,10,209.08607938582304
1.7867156456484108,4,10,375.16478080177006
1.745833137818441,4,10,211.4818146238302
1.7335347700263921,4,10,171.57530420441864
1.7495158935943702,4,10,310.6317411402157
1.7766260178680564,4,10,372.57627490167874
1.7896616931743972,4,10,163.07786747499102
1.6181966216031014,4,10,334.3918682638553
1.8265151515977134,4,10,536.5365759219376
1.7311354458176216,4,10,180.2428331225109
1.760583594675524,4,10,358.2624272279445
1.6053353321093258,4,10,220.4602253010186
1.7181389315428803,4,10,199.49923475418532
1.8267631329759724,4,10,197.79051394459393
1.7532922385876506,4,10,287.2004339917669
1.7769079120263485,4,10,482.239735661182
1.6189317168110922,4,10,402.2924282817962
1.7216933450275007,4,10,248.04832991391547
1.6682591641368283,4,10,237.34493690753493
1.7875949875190416,4,10,243.17388155308805
1.7395645438476877,4,10,175.96159754510296
1.822775343663087,4,10,219.8728402074134
1.6361569830328062,4,10,309.65214996361874
1.7025340508934708,4,10,261.0197812909038
1.7153140827551994,4,10,425.29492177611263
1.7021249451564846,4,10,204.13062091620628
1.8124491051106966,4,10,378.17912075875626
1.7866806346222563,4,10,300.35587164859163
1.7682630595372306,4,10,336.12029969606317
1.7866099396070663,4,10,490.72673407373117
1.7968875985362267,4,10,232.4161841008437
1.6927182312087943,4,10,275.176762851137
1.7321210831285345,4,10,254.69076938908515
1.7139806011524215,4,10,374.48452650741166
1.6940131788818633,4,10,216.6956532573913
1.778505519947671,4,10,147.3524929805943
1.767259871086064,4,10,377.45740498034075
1.8306883821143611,4,10,171.0874246556215
1.6528619260476802,4,10,321.264114798377
1.6496634191206059,4,10,311.59713243217857
1.6710258117995713,4,10,202.25797431559695
1.7994419701781699,4,10,149.35618217398493
1.6282990171973215,4,10,261.2178556916469
1.7425868897032977,4,10,301.80243118625117
1.7558939075511546,4,10,276.8001621657516
1.8167358996351257,4,10,198.72887125681288
1.6665816027459783,4,10,209.68308731164925
1.667963159695843,4,10,226.92842356038975
1.6566954205157303,4,10,216.85701893884632
1.7942921828464862,4,10,537.8553019833414
1.5909487249177414,4,10,393.1332292476708
1.755975031734994,4,10,701.8276762402089
1.6803134448601225,4,10,515.4751547955781
1.8190826998897105,4,10,277.52606537420814
1.8498898389031837,4,10,280.4193827657808
1.8037695189484009,4,10,352.11267605633805
1.690368567543319,4,10,196.58846104351332
1.6118191061154872,4,10,200.33932115791563
1.7825802387008196,4,10,477.09516368743004
1.7440575946503785,4,10,263.04252520824195
1.7736090019623312,4,10,505.2786176475294
1.7692993727400783,4,10,269.11329955043027
1.705762116447472,4,10,331.191322787343
1.7712764391294222,4,10,454.88924710414256
1.7424677550681706,4,10,449.0649098055073
1.8049493520622444,4,10,168.1321899093335
1.771963271807333,4,10,323.58145709269434
1.7911818779882995,4,10,175.20419318698472
1.7930142865280854,4,10,203.60784866565476
1.7299406476554346,4,10,326.5444441047979
1.6847605090109095,4,10,230.02313010363818
1.7822807332917048,4,10,193.83497105936195
1.7601163687205699,4,10,367.37059245640745
1.7963755177722036,4,10,181.88944153445397
1.793555494997392,4,10,268.7719564969512
1.8376695318631247,4,10,233.0302682992376
1.771038669055121,4,10,347.4752209146108
1.6802295362971673,4,10,425.56887370343566
1.769612911658489,4,10,237.0094672114959
1.7536716823221083,4,10,271.86326244523934
1.6473102928161425,4,10,218.11901312537225
1.6359648879050401,4,10,345.9448821394615
1.716782376919456,4,10,265.4723687509525
1.7682886810854879,4,10,346.5220674998517
1.7753812589589768,4,10,196.51327878931943
1.639702109685167,4,10,287.3777314189009
1.755609488678881,4,10,230.9671834126901
1.6370209967929932,4,10,360.9307669728311
1.7337172863398933,4,10,359.83700283364146
1.7012158018746646,4,10,187.35264519296567
1.7574021805722677,4,10,232.2280996000516
1.7325620989717128,4,10,220.98738390837954
1.683007379115585,4,10,443.978744411902
1.7899697137021602,4,10,338.3167616072554
1.8206442732272095,4,10,409.8127383459502
1.6630427710313327,4,10,457.52533864288665
1.8043115668547565,4,10,304.0604485685552
1.5285080323316738,4,10,302.6295142235872
1.8059620415069013,4,10,285.99119782646693
1.7739263288141238,4,10,259.90395652925184
1.749283665548914,4,10,285.53059867888015
1.6243768382862036,4,10,402.41669108180895
1.7299436460572337,4,10,140.39392194599347
1.7301191404096603,4,10,257.1471842564875
1.6819628580012473,4,10,155.8549509922765
1.7427754173026404,4,10,211.90002452574612
1.735264308160597,4,10,204.17212118159853
1.7554411349758325,4,10,128.87309682051662
1.6684676853875906,4,10,433.2512295509431
1.7636680950111732,4,10,634.8610677093436
1.763274795526235,4,10,183.38655908882828
1.8375861942039573,4,10,403.0376628779954
1.6066467023004833,4,10,200.32291204289203
1.7364465998598682,4,10,284.01676388661934
1.768079959875368,4,10,206.5603512796631
1.7255866909981759,4,10,333.673185652053
1.7110977814236066,4,10,347.61753243050873
1.8080090076686095,4,10,296.66371049389016
1.7092443194659421,4,10,324.8999729250022
1.7101643216616822,4,10,461.65973599988
1.748031798322763,4,10,272.5896012115094
1.7503243761687421,4,10,339.071992249783
1.7206703020830356,4,10,273.6215770157875
1.8271199990110794,4,10,390.02265706618675
1.7088540503751393,4,10,216.0252619941376
1.7036636458800358,4,10,468.87501007833185
1.7646747598354366,4,10,317.02237688608966
1.727898806549153,4,10,362.75620432711315
1.8146592035431328,4,10,380.3486529318542
1.6488432349774922,4,10,207.36310679701128
1.7340258207716446,4,10,500.4734065577604
1.7467991815138504,4,10,382.94326133981485
1.7089240124940783,4,10,197.54892994329614
1.8347612551491141,4,10,292.6643735735533
1.7675675625159666,4,10,369.633349142167
1.7135765625667374,4,10,253.9189927879953
1.787113072546287,4,10,250.6832685839341
1.7299999418759775,4,10,273.1541230752464
1.7179170674555515,4,10,209.8114028612059
1.8260574735735244,4,10,143.96823724137332
1.7873122703545559,4,10,157.73515739809525
1.734737671251197,4,10,383.65896980461815
1.6948116627152543,4,10,392.9002508896774
1.738681553883073,4,10,278.76049378737855
1.7612677611298004,4,10,227.81796379178812
1.5895883918764404,4,10,405.87771054906233
1.684291368849755,4,10,395.0834064969271
1.7394506384458623,4,10,224.9189354670088
1.7978400526461542,4,10,294.28938456148546
1.7893271115471936,4,10,382.15425608777696
1.7478975825727119,4,10,333.12920943842647
1.7994753308315665,4,10,347.835371732057
1.8075239090255804,4,10,254.23602274989318
1.62264704953725,4,10,202.89463005545787
1.728755669934372,4,10,255.32277053575228
1.833083777729532,4,10,483.41698377100136
1.6899713586401415,4,10,469.3925413660644
1.7134584357560994,4,10,294.8287965057328
1.8149468511049307,4,10,445.7107575153394
1.8245225786840247,4,10,246.28937046351925
1.6355486029726554,4,10,245.3248122196537
1.7349049970450043,4,10,233.87000725430119
1.821001748716037,4,10,277.3501026151356
1.6697193135808213,4,10,416.3936355422503
1.713268583792137,4,10,342.9481290954743
1.723727107139347,4,10,485.18921416675494
1.722894266152388,4,10,448.1039601187476
1.7707850203337845,4,10,292.2755741127349
1.7248694277846113,4,10,395.013523276213
1.8102100001328563,4,10,220.78459133823497
1.793308715107815,4,10,294.358135731807
1.770711354426778,4,10,290.6695400606681
1.6918614329834405,4,10,528.3552290711615
1.7790576604036688,4,10,384.2869342442357
1.7534963565808457,4,10,275.01909854851033
1.7386716904554518,4,10,232.6276029165994
1.832105795949968,4,10,239.21242157961836
1.6878385526889121,4,10,159.02065062519875
1.8396918361223296,4,10,206.45058625289624
1.606131499917975,4,10,417.29857133197453
1.7579300952397285,4,10,914.08838726878
1.7837243078281841,4,10,236.81320637335665
1.7518889935634323,4,10,252.92507112917514
1.750314343669693,4,10,367.63494221586393
1.8329186378299624,4,10,373.0921605309938
1.6851240301353982,4,10,359.20461834509297
1.745034585927981,4,10,358.6447575374267
1.739984659277899,4,10,314.48084679871886
1.7167603931558215,4,10,250.99876592273424
1.756130565915398,4,10,424.2548733374449
1.6460801323730112,4,10,539.5510164755756
1.8237779540653576,4,10,265.5776577526018
1.7894869807177098,4,10,522.420548541576
1.6794535198816518,4,10,310.0648019030432
1.7310474012520782,4,10,276.27260067469496
1.6566078580068613,4,10,272.9463091864304
1.7930389727885683,4,10,164.7444767077035
1.763414237667766,4,10,234.95822371582872
1.814780034160512,4,10,311.5245798370739
1.8084160118048604,4,10,253.16513796057484
1.698955436383893,4,10,272.21277511566916
1.8209701782790837,4,10,343.41322971962643
1.8008733081405779,4,10,237.72652613991357
1.8348522986210998,4,10,194.2271378473159
1.7308881168452281,4,10,554.8790825999167
1.7940352609365262,4,10,210.61213715624007
1.7947975931429667,4,10,257.8501031400413
1.736575250233587,4,10,244.94564701453052
1.7658889312308772,4,10,473.9648476071358
1.5944918832967148,4,10,344.1369718680453
1.6824400635037235,4,10,175.9603279286048
1.8121258484749858,4,10,423.6066511572935
1.7063324293826991,4,10,243.7641618667903
1.763319531539754,4,10,217.2557425369786
1.7714430069834362,4,10,212.46697768534654
1.7272170743819626,4,10,222.37439376504557
1.6591824740883894,4,10,246.38748044983785
1.663649544488439,4,10,270.8973474634728
1.7604063991847414,4,10,287.31045490822027
1.621060688748042,4,10,228.1007444954855
1.7255551889476954,4,10,248.1236040139576
1.80478478562149,4,10,485.2040762743609
1.7223837600911605,4,10,239.62290049688852
1.76296802846301,4,10,795.383029150654
1.6962506113281652,4,10,281.4528939540934
1.7543304918354896,4,10,256.89420190499897
1.6541715644437023,4,10,252.12467565210997
1.6708369010899093,4,10,262.2095664871202
1.6407173757371365,4,10,161.65798663512805
1.7799310584339882,4,10,190.47409281365663
1.717368760664916,4,10,216.723018951654
1.6744893734255448,4,10,191.7732424366422
1.7400724304351616,4,10,259.81215953744004
1.825128667187931,4,10,243.7757164913041
1.5907590062572012,4,10,492.96738981591966
1.6600756414224846,4,10,231.96773071123883
1.6888378655605218,4,10,372.28862709950965
1.8012624858102064,4,10,148.52476539069318
1.7206480316179955,4,10,183.62688410382654
1.6158977859549286,4,10,321.51264042255946
1.808796688392285,4,10,252.54119578256206
1.6852929082537993,4,10,485.425983774187
1.763653909238899,4,10,384.81106293454394
1.6812746306248467,4,10,427.98549604707836
1.7299394817273945,4,10,231.11949320777873
1.7612946050918854,4,10,212.46876905825187
1.7163519830624328,4,10,298.1182177717282
1.6962922247413605,4,10,221.31078154611527
1.6925516586952571,4,10,222.87882310405868
1.734363082264041,4,10,222.8931113082794
1.7728504393960474,4,10,522.7989004515655
1.784842734081754,4,10,347.61517522737836
1.8010041483784025,4,10,275.9851628489374
1.7262333407781494,4,10,470.74207257273616
1.7424074305368369,4,10,114.57057357559246
1.865266521099309,4,10,270.19816210391355
1.6985082251709063,4,10,226.9861608271666
1.7688964707790853,4,10,576.2028233938346
1.7861708423840146,4,10,396.2567366265972
1.8342553355151747,4,10,336.6504794228457
1.832622396939764,4,10,245.75691786071502
1.727800245181054,4,10,276.0829746345371
1.7747446763313726,4,10,283.21925890960586
1.692471845117868,4,10,536.029282684125
1.7716993163113517,4,10,340.25021859304405
1.8031709729035323,4,10,241.56874513022095
1.765414351737666,4,10,252.14475695149085
1.7899073978505413,4,10,352.4890919313093
1.7478408541992003,4,10,147.48901337439594
1.8101958537274914,4,10,224.03803668000526
1.7255767672428128,4,10,420.96712285192126
1.692836224525918,4,10,393.89986094592444
1.7536089310631062,4,10,319.55337154992606
1.7044766398111182,4,10,382.6076075925362
1.7627498428109418,4,10,432.05109868344135
1.8013439666351563,4,10,379.898542968485
1.7739170363346801,4,10,301.63646487431396
1.6355985154560138,4,10,743.0647291941875
1.7549666155640402,4,10,353.49502990897605
1.697206949350462,4,10,255.2165796252097
1.7337810652038024,4,10,359.1094892662548
1.8187494733589158,4,10,218.46503461341513
1.730873829993408,4,10,356.14393251252346
1.7993025317436484,4,10,295.75703437567586
1.8518698186332478,4,10,181.477977823828
1.8090293571550915,4,10,218.5944032893253
1.7786080616986446,4,10,327.4290002046431
1.6815169755891048,4,10,427.1492926328612
1.8205088986601754,4,10,434.2801575676982
1.8411946393886467,4,10,536.7128151477949
1.7123907739167472,4,10,398.481343324884
1.7441924053942763,4,10,234.66526076101553
1.7381004902240744,4,10,129.42866172744155
1.7932619199949258,4,10,135.6000836360477
1.7066121636854341,4,10,503.40689514898816
1.7327107524623433,4,10,307.6397197060332
1.6528429124200301,4,10,194.05803984884824
1.7185992941451382,4,10,233.2243355082367
1.7079734250321006,4,10,354.74267803722057
1.7462557443960935,4,10,345.17524899944885
1.784468175591838,4,10,216.227933432609
1.6867321759310347,4,10,317.2005790169299
1.7367866873085567,4,10,257.7698131679024
1.7656799712196254,4,10,187.4136359896965
1.7260042672275049,4,10,290.75301569720153
1.6042425218605048,4,10,274.6319169446506
1.7345024219980985,4,10,231.99195103925874
1.7598164099097133,4,10,401.593625498008
1.7987229584717082,4,10,413.6973807353648
1.7165334288551848,4,10,203.17615937395945
1.682904156508355,4,10,443.14385949206314
1.7328788240477373,4,10,280.758672323434
1.8352776703031222,4,10,268.69211832321247
1.8173009220697565,4,10,220.39950728349092
1.7336403986697522,4,10,701.6469212457017
1.6379181576814403,4,10,193.38154575717016
1.6756550924118165,4,10,317.6137263669521
1.7135515828568777,4,10,241.24874947944838
1.7901688607814783,4,10,206.54298675911926
1.7575442264577543,4,10,233.4185402696102
1.8106898341549358,4,10,227.87301258480502
1.7160581506390014,4,10,251.52369795730155
1.7763212438353921,4,10,295.89397558378414
1.7665811647749206,4,10,223.27010719640842
1.7516849129072352,4,10,187.21185949687543
1.8148899984542186,4,10,192.24592697076542
1.7399225146108204,4,10,357.47263273927007
1.75526715834709,4,10,776.6487605980195
1.6196729266729573,4,10,220.8643156887286
1.7686367862176915,4,10,433.3928006347255
1.7225745881396066,4,10,302.50068069655487
1.7064556597288987,4,10,417.17364853120114
1.849329213207105,4,10,228.1510336797401
1.7307626589261393,4,10,303.96212733214156
1.8117562887708156,4,10,216.54439260300396
1.8065158345248293,4,10,173.83037867561495
1.737757069950621,4,10,415.8940856395238
1.8094169742675998,4,10,303.75652139609656
1.593656152229722,4,10,196.32382546135693
1.7524670628449006,4,10,211.38171950925857
1.739493427151156,4,10,179.48352717637363
1.6298555190764936,4,10,415.5507877515482
1.771962279590357,4,10,159.27702565285912
1.7518254258290622,4,10,290.40064533476743
1.6451560050623897,4,10,245.8806454366943
1.7702238612347283,4,10,387.5093779287737
1.777178756793084,4,10,378.44543027142953
1.7410770786295071,4,10,322.9599536065463
1.8368846546857078,4,10,184.25994796319927
1.7918953480402897,4,10,263.8439300333869
1.814818993132225,4,10,263.6240903752759
1.7206064098626777,4,10,500.3613721020737
1.7961952223528743,4,10,252.50754015571303
1.6596751692067742,4,10,149.92077103697284
1.6952868145544222,4,10,231.5417433623169
1.8016497938571543,4,10,285.4122621564482
1.8330370943673195,4,10,319.9066725600585
1.759474626737991,4,10,203.05972870307016
1.7391840352198167,4,10,180.70195351790744
1.586044226402137,4,10,262.3597104326159
1.6826764873559987,4,10,255.31417437895763
1.7436799835400112,4,10,279.3469272342381
1.7050954176015398,4,10,250.14728790226232
1.729755546578298,4,10,432.3718397822127
1.845908601289122,4,10,152.22788752769992
1.7927356352851445,4,10,346.9880270576444
1.800461228274126,4,10,611.6991244255247
1.7068104869604301,4,10,323.4090064242729
1.7661130378284486,4,10,220.18290843219847
1.6969549621449613,4,10,218.76652143000382
1.738251375666681,4,10,398.98265334251784
1.722593788384853,4,10,263.21969982319087
1.7012756379200487,4,10,149.47105472175573
1.6937614020946534,4,10,232.6055058595508
1.619158165270169,4,10,262.8574361428604
1.705032910844433,4,10,205.07328521706438
1.613148439446345,4,10,463.55015033188903
1.7727671659265762,4,10,285.4901896475042
1.732695570549343,4,10,313.2493278191508
1.790042704202722,4,10,277.61145902474465
1.7304889795751905,4,10,299.34936415700474
1.7632742635726182,4,10,326.1386936200567
1.744916118861406,4,10,370.302340105066
1.8328897789074987,4,10,210.9378825603339
1.6258730931558918,4,10,205.00413312805432
1.7363098004378934,4,10,495.79264849678424
1.7449783132519425,4,10,212.92023325979955
1.8027553750861252,4,10,382.61719086284637
1.7266419972273002,4,10,193.55636869541883
1.688951155988692,4,10,443.66386990000683
1.7710988800720298,4,10,195.6606808991695
1.7309222045980683,4,10,435.523384178
1.8381250871190993,4,10,207.23601682531955
1.820242255948889,4,10,183.219638549641
1.7843714422425845,4,10,376.9849679737307
1.767508195484004,4,10,303.50475731663255
1.7514377075412821,4,10,186.48059080780783
1.6388592427456679,4,10,409.1227887887368
1.6917431707845818,4,10,305.8957735351057
1.6918901276191867,4,10,222.26268226234515
1.7633109025608693,4,10,291.0042726817814
1.7387992523763949,4,10,285.64576635511594
1.742490882403753,4,10,243.77337975345998
1.8275406697258294,4,10,351.22436280716454
1.7707094261930991,4,10,406.5230226658583
1.7660766727387407,4,10,232.59817038263793
1.6745551922889206,4,10,274.4943837958907
1.7419234315222023,4,10,217.94232112563614
1.7445308012507805,4,10,486.96028568336754
1.6516364093042242,4,10,223.02967223931083
1.7956986513541735,4,10,462.60389082915316
1.7289649756680412,4,10,291.5963550455619
1.7820638956465973,4,10,192.11463315490667
1.8278468161608132,4,10,272.28034791377786
1.853611662933344,4,10,398.72471381217224
1.727650869649987,4,10,383.4318911981154
1.7070962103737846,4,10,314.8904407593662
1.7251492240710782,4,10,438.92880470280863
1.7040812786267185,4,10,488.0418450693087
1.7372980511304583,4,10,355.2427564768473
1.6989253934177646,4,10,595.6799024219588
1.813791049195864,4,10,293.94662938724
1.7044040519622272,4,10,256.74812872726284
1.8466335699445893,4,10,178.9930247606372
1.7321455727290687,4,10,502.6433655563634
1.739185397898987,4,10,204.8954136541752
1.777580733149281,4,10,243.24105188241546
1.7747218329539005,4,10,420.0671470969981
1.8148037198358833,4,10,259.39219976312086
1.7103980382975035,4,10,238.22549008773512
1.7694813803809364,4,10,386.25573348354385
1.758607996055734,4,10,224.21845187036487
1.6135047234743543,4,10,242.55082618875173
1.6755569480997263,4,10,192.9729266131107
1.7425527008391282,4,10,422.9348772805993
1.7077281833050972,4,10,562.8253834247924
1.7200607747114076,4,10,379.060269436566
1.7253159340914397,4,10,399.31229549109867
