culture,number_of_targets,subgroup,number_of_species,sd,se
Abenaki,2.131,all,1,1.0502104274582031,1.0502104274582031
Abenaki,2.857,all,2,0.8644641683137008,0.6112684755074067
Abenaki,3.196,all,3,0.8026382922763081,0.463403434107628
Abenaki,3.427,all,4,0.7205485342363762,0.3602742671181881
Abenaki,3.592,all,5,0.6196127176873631,0.27709923129446606
Abenaki,3.734,all,6,0.5094148638423338,0.20796774730051434
Abenaki,3.812,all,7,0.42993120477681174,0.1624987212436898
Abenaki,3.887,all,8,0.3440194025768741,0.12162922621092624
Abenaki,3.931,all,9,0.26890762598206713,0.08963587532735572
Abenaki,3.961,all,10,0.1987926520737588,0.06286375626584727
Abenaki,3.975,all,11,0.15620307103062794,0.04709699797362055
Abenaki,3.982,all,12,0.13301764429463367,0.03839888637023832
Abenaki,3.99,all,13,0.0995485304256668,0.027609794680525285
Abenaki,3.993,all,14,0.08341437500789632,0.022293429457959067
Abenaki,3.997,all,15,0.054717401199198,0.014127972239482905
Abenaki,4,all,16,0,0
Abenaki,4,all,17,0,0
Abenaki,4,all,18,0,0
Abenaki,4,all,19,0,0
Abenaki,4,all,20,0,0
Abenaki,4,all,21,0,0
Abenaki,4,all,22,0,0
Abenaki,4,all,23,0,0
Abenaki,4,all,24,0,0
Abenaki,4,all,25,0,0
Abenaki,4,all,26,0,0
Abenaki,4,all,27,0,0
Abenaki,4,all,28,0,0
Abenaki,4,all,29,0,0
Ahtna,2.396,all,1,0.8341941499914033,0.8341941499914033
Ahtna,2.962,all,2,0.705019895501576,0.49852434898059544
Ahtna,3.227,all,3,0.6291795187916298,0.3632569645429467
Ahtna,3.406,all,4,0.5634549507116621,0.28172747535583104
Ahtna,3.53,all,5,0.5247622084100334,0.23468079400554928
Ahtna,3.656,all,6,0.475278749672116,0.19403173704744367
Ahtna,3.77,all,7,0.4210430824479572,0.15913932677162274
Ahtna,3.884,all,8,0.3203851535989872,0.11327325735066873
Ahtna,4,all,9,0,0
Aleut,2.218,all,1,0.9957245941862979,0.9957245941862979
Aleut,2.875,all,2,0.9392855035915636,0.6641751490598158
Aleut,3.24,all,3,0.8827112660316392,0.5096335870600823
Aleut,3.485,all,4,0.7735459736650262,0.3867729868325131
Aleut,3.64,all,5,0.6654643813479748,0.29760471865978294
Aleut,3.743,all,6,0.5685721363857662,0.23211860268487544
Aleut,3.83,all,7,0.46831540581035697,0.17700658555921395
Aleut,3.884,all,8,0.3777389133868613,0.13355087358694376
Aleut,3.932,all,9,0.2854075287329636,0.09513584291098787
Aleut,3.961,all,10,0.20862052277406104,0.06597160186210618
Aleut,3.982,all,11,0.14034135418933258,0.04231451040148983
Aleut,3.994,all,12,0.08928590018570665,0.025774619253527895
Aleut,3.997,all,13,0.07068235986436783,0.019603759443213548
Aleut,3.999,all,14,0.03162277660168379,0.008451542547285166
Aleut,3.999,all,15,0.03162277660168379,0.00816496580927726
Aleut,4,all,16,0,0
Aleut,4,all,17,0,0
Aleut,4,all,18,0,0
Aleut,4,all,19,0,0
Bella Coola,2.048,all,1,1.0520469584589858,1.0520469584589858
Bella Coola,2.812,all,2,0.950557499344232,0.6721456536940336
Bella Coola,3.179,all,3,0.9131225508072796,0.5271915505117006
Bella Coola,3.444,all,4,0.8646453675418677,0.43232268377093386
Bella Coola,3.677,all,5,0.799568827750501,0.35757805030798806
Bella Coola,3.838,all,6,0.7199126851738857,0.2939031230054881
Bella Coola,3.966,all,7,0.6444061291291846,0.24356262300022827
Bella Coola,4.051,all,8,0.5922412935195838,0.20938891737319507
Bella Coola,4.132,all,9,0.5664776225914815,0.1888258741971605
Bella Coola,4.189,all,10,0.5306228044105913,0.16779766403635082
Bella Coola,4.231,all,11,0.5195275824332226,0.15664345992467588
Bella Coola,4.28,all,12,0.507797063656199,0.14658838569780402
Bella Coola,4.316,all,13,0.5003942389700289,0.13878439127332462
Bella Coola,4.357,all,14,0.49980076110466337,0.13357737212160728
Bella Coola,4.382,all,15,0.49630869660154286,0.128146354434379
Bella Coola,4.411,all,16,0.49631172193020523,0.12407793048255131
Bella Coola,4.434,all,17,0.49788742893538884,0.12075543877457735
Bella Coola,4.464,all,18,0.498951854343636,0.11760407989732918
Bella Coola,4.489,all,19,0.500129112459102,0.11473748736483758
Bella Coola,4.516,all,20,0.49999399395792143,0.11180205588315315
Bella Coola,4.54,all,21,0.49864681754589457,0.10881365649775694
Bella Coola,4.567,all,22,0.4957385972029581,0.10569182404879608
Bella Coola,4.594,all,23,0.4913302406787164,0.10244943724364408
Bella Coola,4.615,all,24,0.48683879468671354,0.09937555283116921
Bella Coola,4.638,all,25,0.4808192874533916,0.09616385749067832
Bella Coola,4.66,all,26,0.47394580346767984,0.09294841924104272
Bella Coola,4.696,all,27,0.4602127723084137,0.08856798932558886
Bella Coola,4.722,all,28,0.4482375674984382,0.08470893799124254
Bella Coola,4.749,all,29,0.43380547159664457,0.08055565375119439
Bella Coola,4.774,all,30,0.41844844258175834,0.07639788371831144
Bella Coola,4.8,all,31,0.40020015012510946,0.07187806883438094
Bella Coola,4.817,all,32,0.3868600013708585,0.06838783258479278
Bella Coola,4.845,all,33,0.362085771753194,0.06303104240170584
Bella Coola,4.868,all,34,0.3386601403925338,0.058079734921482946
Bella Coola,4.887,all,35,0.3167512136225074,0.05354072717669668
Bella Coola,4.907,all,36,0.290577761426155,0.04842962690435917
Bella Coola,4.937,all,37,0.24308453280719053,0.039962851023098024
Bella Coola,4.956,all,38,0.20519772441746548,0.03328746646779982
Bella Coola,4.976,all,39,0.15312559370479986,0.024519718620257473
Bella Coola,5,all,40,0,0
Beothuk,2.699,all,1,0.7931128721865685,0.7931128721865685
Beothuk,3.333,all,2,0.7461016470077436,0.5275735340536273
Beothuk,3.625,all,3,0.5854209747845713,0.3379929573811254
Beothuk,3.791,all,4,0.44667495846366684,0.22333747923183342
Beothuk,3.889,all,5,0.3237032341262345,0.144764487208558
Beothuk,3.954,all,6,0.2143126919478404,0.08749279011241434
Beothuk,3.978,all,7,0.15342600672486897,0.05798957977767525
Beothuk,3.991,all,8,0.09448771310560929,0.03340645133789267
Beothuk,3.995,all,9,0.07056897321046962,0.02352299107015654
Beothuk,4,all,10,0,0
Beothuk,4,all,11,0,0
Beothuk,4,all,12,0,0
Beothuk,4,all,13,0,0
Beothuk,4,all,14,0,0
Beothuk,4,all,15,0,0
Beothuk,4,all,16,0,0
Carrier,2.527,all,1,0.6321951207267189,0.6321951207267189
Carrier,2.92,all,2,0.6753192252972338,0.47752280367331984
Carrier,3.209,all,3,0.6463255655911629,0.3731562392781951
Carrier,3.405,all,4,0.5994450219447437,0.29972251097237185
Carrier,3.575,all,5,0.5278765515285307,0.23607357058919304
Carrier,3.687,all,6,0.4767161191508614,0.19461854067990642
Carrier,3.775,all,7,0.42255597682857776,0.15971114709891263
Carrier,3.842,all,8,0.3649235113954281,0.12901994476105677
Carrier,3.899,all,9,0.3014795016081357,0.1004931672027119
Carrier,3.94,all,10,0.237605674293474,0.0751375115747497
Carrier,3.964,all,11,0.18638331132035063,0.05619668280305483
Carrier,3.995,all,12,0.07056897321046962,0.020371507839750065
Carrier,4,all,13,0,0
Carrier,4,all,14,0,0
Central Salish,1.912,all,1,0.9773490733669374,0.9773490733669374
Central Salish,2.502,all,2,0.8016474528361196,0.5668503500213432
Central Salish,2.794,all,3,0.7887877954089972,0.455406846012876
Central Salish,3.046,all,4,0.8310081675739261,0.4155040837869631
Central Salish,3.239,all,5,0.8370063199161519,0.3743206057858903
Central Salish,3.415,all,6,0.8303399692080735,0.3389848729330127
Central Salish,3.588,all,7,0.8276115882108834,0.3128077777944561
Central Salish,3.74,all,8,0.814286843233429,0.2878938743406724
Central Salish,3.864,all,9,0.7925478737162394,0.2641826245720798
Central Salish,3.974,all,10,0.783541918430621,0.24777771044586272
Central Salish,4.071,all,11,0.7526788993492015,0.22694122697808897
Central Salish,4.171,all,12,0.7254552262443805,0.20942088507860698
Central Salish,4.256,all,13,0.7021089352493365,0.19472998207714684
Central Salish,4.342,all,14,0.6629294649323376,0.17717535209815555
Central Salish,4.415,all,15,0.6238302366543034,0.1610722744948499
Central Salish,4.485,all,16,0.591713718892105,0.14792842972302625
Central Salish,4.541,all,17,0.5732779846179754,0.13904033431888996
Central Salish,4.584,all,18,0.5506788966786791,0.12979626069927339
Central Salish,4.626,all,19,0.5295322505800798,0.12148302987495921
Central Salish,4.66,all,20,0.514455697475171,0.1150357910966549
Central Salish,4.698,all,21,0.49095522915744266,0.10713521430706531
Central Salish,4.737,all,22,0.45830234675489173,0.09771038863560029
Central Salish,4.762,all,23,0.4422121114935134,0.09220759931701178
Central Salish,4.793,all,24,0.41026737540208985,0.08374547732049956
Central Salish,4.822,all,25,0.3879000727848172,0.07758001455696344
Central Salish,4.849,all,26,0.36377373645073846,0.07134189925749516
Central Salish,4.868,all,27,0.3386601403925338,0.06517517440647527
Central Salish,4.886,all,28,0.31797028965786267,0.0600907364815627
Central Salish,4.897,all,29,0.304110972316823,0.05647198984772451
Central Salish,4.913,all,30,0.2819760814510878,0.05148155349589162
Central Salish,4.935,all,31,0.24664921616708177,0.044299506964356014
Central Salish,4.949,all,32,0.22010780869257557,0.03890993102965787
Central Salish,4.962,all,33,0.19129190414806527,0.03329964627739723
Central Salish,4.969,all,34,0.17340435135563662,0.02973860091504616
Central Salish,4.983,all,35,0.1293357171384909,0.021861726325591902
Central Salish,4.988,all,36,0.10893974420691407,0.018156624034485678
Central Salish,4.992,all,37,0.08912880535463237,0.014652685340037868
Central Salish,4.997,all,38,0.05471740119919799,0.00887633458311599
Central Salish,4.999,all,39,0.03162277660168379,0.005063696835418333
Central Salish,4.999,all,40,0.03162277660168379,0.004999999999999999
Central Salish,5,all,41,0,0
Central Salish,5,all,42,0,0
Chilcotin,2.329,all,1,0.6980302616980486,0.6980302616980486
Chilcotin,2.751,all,2,0.7318022509766792,0.5174623341531895
Chilcotin,3.018,all,3,0.7377128304565539,0.42591870124873216
Chilcotin,3.245,all,4,0.7109715046895202,0.3554857523447601
Chilcotin,3.449,all,5,0.6494773443476076,0.2904550983614579
Chilcotin,3.58,all,6,0.586467342606512,0.2394242900319932
Chilcotin,3.689,all,7,0.5162804911533512,0.19513568376372137
Chilcotin,3.79,all,8,0.42199298344650005,0.14919705010408132
Chilcotin,3.858,all,9,0.3577205109634671,0.11924017032115569
Chilcotin,3.907,all,10,0.290577761426155,0.0918887563499667
Chilcotin,3.955,all,11,0.20740785428237288,0.06253582102066711
Chilcotin,3.979,all,12,0.14345584540052586,0.04141213547940947
Chilcotin,3.991,all,13,0.09448771310560929,0.026206176500277314
Chilcotin,4,all,14,0,0
Chilcotin,4,all,15,0,0
Chinook,2.632,all,1,0.8350289056513392,0.8350289056513392
Chinook,3.393,all,2,0.9051907922478942,0.6400665474661092
Chinook,3.765,all,3,0.8200289308600321,0.4734439239753206
Chinook,4.049,all,4,0.7007782032070419,0.35038910160352094
Chinook,4.269,all,5,0.6074602933591693,0.2716645019166133
Chinook,4.429,all,6,0.5322050753630994,0.2172718121931767
Chinook,4.558,all,7,0.5048672012429515,0.1908218656574356
Chinook,4.665,all,8,0.4722266383824593,0.16695732912858227
Chinook,4.754,all,9,0.4308940353145651,0.14363134510485503
Chinook,4.836,all,10,0.3704608498090469,0.11715000693181422
Chinook,4.914,all,11,0.28050433629924987,0.08457523959748002
Chinook,5,all,12,0,0
Chipewyan,2.39,all,1,0.8127487684152838,0.8127487684152838
Chipewyan,3.087,all,2,0.6602021409135742,0.4668334107938649
Chipewyan,3.402,all,3,0.6378109459728665,0.36824032134952434
Chipewyan,3.619,all,4,0.6513549441458653,0.32567747207293263
Chipewyan,3.799,all,5,0.6760592104661071,0.3023428702834105
Chipewyan,3.95,all,6,0.6722737180285661,0.2744545961089472
Chipewyan,4.117,all,7,0.6616258374253146,0.25007106097174764
Chipewyan,4.272,all,8,0.651490936575821,0.23033682956716897
Chipewyan,4.42,all,9,0.6164251617025217,0.20547505390084056
Chipewyan,4.554,all,10,0.5721987516688685,0.18094513295786968
Chipewyan,4.711,all,11,0.47718623901649415,0.14387706453986923
Chipewyan,4.858,all,12,0.34922479573758497,0.10081251491339338
Chipewyan,5,all,13,0,0
Coosan,2.25,all,1,0.4332293707583636,0.4332293707583636
Coosan,2.467,all,2,0.49915945364198017,0.35295903456361627
Coosan,2.652,all,3,0.47657436263727315,0.275150336557504
Coosan,2.802,all,4,0.3986915536538929,0.19934577682694646
Coosan,2.903,all,5,0.296105857217784,0.13242256505496233
Coosan,2.971,all,6,0.1678904023081343,0.06854096972758603
Coosan,3,all,7,0,0
Coosan,3,all,8,0,0
Cree,2.228,all,1,0.9648559203046572,0.9648559203046572
Cree,2.852,all,2,0.8190035206070647,0.5791229432369117
Cree,3.171,all,3,0.7157312842619576,0.41322764963607783
Cree,3.368,all,4,0.6410826678260667,0.32054133391303335
Cree,3.524,all,5,0.5742418948089331,0.25680878246421157
Cree,3.629,all,6,0.521181955396223,0.2127716423111214
Cree,3.715,all,7,0.4647483092933109,0.1756583498039756
Cree,3.772,all,8,0.426846808818103,0.15091313652155922
Cree,3.815,all,9,0.3910600055335855,0.13035333517786182
Cree,3.862,all,10,0.3479613154893473,0.11003502945747642
Cree,3.894,all,11,0.3112247754611783,0.09383780051521246
Cree,3.92,all,12,0.27142894774447635,0.07835478802306514
Cree,3.944,all,13,0.23003677296666486,0.06380072155181374
Cree,3.961,all,14,0.19369180807797864,0.05176631317518353
Cree,3.968,all,15,0.17608806605504818,0.045465743153138206
Cree,3.976,all,16,0.15312559370479986,0.038281398426199965
Cree,3.989,all,17,0.10435463521037237,0.025309716676186183
Cree,3.99,all,18,0.0995485304256668,0.02346381364038145
Cree,3.996,all,19,0.06315051850925682,0.014487722548107646
Cree,3.997,all,20,0.054717401199198,0.012235182863353523
Cree,3.999,all,21,0.03162277660168379,0.006900655593423542
Cree,3.999,all,22,0.03162277660168379,0.00674199862463242
Cree,4,all,23,0,0
Cree,4,all,24,0,0
Cree,4,all,25,0,0
Cree,4,all,26,0,0
Cree,4,all,27,0,0
Dogrib,2.398,all,1,0.6928752240310488,0.6928752240310488
Dogrib,2.826,all,2,0.6842457103937095,0.48383478181719847
Dogrib,3.1,all,3,0.6636568695044454,0.38316247225793587
Dogrib,3.285,all,4,0.6116773243705779,0.30583866218528893
Dogrib,3.44,all,5,0.5768298993054475,0.25796617326026783
Dogrib,3.563,all,6,0.5350862709108852,0.21844805535005238
Dogrib,3.654,all,7,0.5005342491124204,0.18918416368884522
Dogrib,3.739,all,8,0.4416719077257168,0.1561546005062267
Dogrib,3.806,all,9,0.39562674393994207,0.13187558131331403
Dogrib,3.854,all,10,0.3532829019480122,0.1117178628549655
Dogrib,3.895,all,11,0.3067068128833611,0.09247558354362276
Dogrib,3.926,all,12,0.2619018758859749,0.07560455927201779
Dogrib,3.963,all,13,0.1888562063228706,0.052379287352824336
Dogrib,3.98,all,14,0.14007005254378832,0.03743529619759141
Dogrib,3.995,all,15,0.07056897321046962,0.018220830533540414
Dogrib,4,all,16,0,0
Dogrib,4,all,17,0,0
Eyak,2.64,all,1,0.7661507599598052,0.7661507599598052
Eyak,3.251,all,2,0.8394663207679649,0.5935923279927494
Eyak,3.654,all,3,0.7968179961063373,0.46004308454713205
Eyak,3.91,all,4,0.7283065497648847,0.36415327488244237
Eyak,4.102,all,5,0.6542354499903105,0.29258298789369963
Eyak,4.253,all,6,0.5597359237214494,0.22851123397049297
Eyak,4.356,all,7,0.5454920362036109,0.20617660999442808
Eyak,4.448,all,8,0.5230387840013105,0.18492213549544628
Eyak,4.522,all,9,0.5077142639061599,0.16923808796871997
Eyak,4.595,all,10,0.4911376754192415,0.1553113699045296
Eyak,4.643,all,11,0.4793545460103417,0.1445308336970416
Eyak,4.688,all,12,0.46354166034011535,0.13381295118898584
Eyak,4.741,all,13,0.4383048152953731,0.12156388352540314
Eyak,4.793,all,14,0.4053582555164201,0.10833655078877229
Eyak,4.843,all,15,0.3639828065767441,0.09397995654517102
Eyak,4.888,all,16,0.3155242550986462,0.07888106377466154
Eyak,4.947,all,17,0.22414558046332575,0.054363288456804375
Eyak,5,all,18,0,0
Gwich'in,2.43,all,1,0.7692149840530225,0.7692149840530225
Gwich'in,3.044,all,2,0.7256656189944447,0.5131230800649054
Gwich'in,3.4,all,3,0.7228571937267572,0.41734179538380073
Gwich'in,3.691,all,4,0.7389621540140368,0.3694810770070184
Gwich'in,3.906,all,5,0.7111045420117,0.3180156190094032
Gwich'in,4.067,all,6,0.6964165391459309,0.2843108615570863
Gwich'in,4.204,all,7,0.6639464020723547,0.25094815196565
Gwich'in,4.333,all,8,0.6328597881928599,0.2237497238857267
Gwich'in,4.449,all,9,0.5913955941235517,0.19713186470785057
Gwich'in,4.553,all,10,0.565252607698992,0.1787485693678443
Gwich'in,4.638,all,11,0.5265294229511142,0.15875459427374441
Gwich'in,4.714,all,12,0.4779460559858533,0.13797114204077618
Gwich'in,4.785,all,13,0.42773585068118614,0.11863258015270964
Gwich'in,4.841,all,14,0.37129079823886946,0.09923163984797564
Gwich'in,4.886,all,15,0.32420535021666297,0.08370946147603192
Gwich'in,4.923,all,16,0.26672484350382913,0.06668121087595728
Gwich'in,4.951,all,17,0.21597603025716916,0.05238188149128849
Gwich'in,4.972,all,18,0.16505527329729044,0.03890390100637099
Gwich'in,4.989,all,19,0.10435463521037237,0.02394059521958234
Gwich'in,4.997,all,20,0.05471740119919799,0.012235182863353521
Gwich'in,5,all,21,0,0
Gwich'in,5,all,22,0,0
Haida,2.098,all,1,1.0731018346585508,1.0731018346585508
Haida,2.778,all,2,0.9734801814437023,0.6883544376495525
Haida,3.147,all,3,0.939294029190686,0.5423016606014508
Haida,3.401,all,4,0.9214380326685284,0.4607190163342642
Haida,3.615,all,5,0.8645938483024977,0.3866581235465052
Haida,3.791,all,6,0.791166824977479,0.32299250376877814
Haida,3.913,all,7,0.7375465917316512,0.2787664088636052
Haida,4.02,all,8,0.657291436146883,0.23238761585765277
Haida,4.117,all,9,0.6063651364307472,0.2021217121435824
Haida,4.175,all,10,0.5854209747845713,0.1851263670355246
Haida,4.235,all,11,0.536715066923841,0.1618256814833517
Haida,4.269,all,12,0.533782656072604,0.1540897800861357
Haida,4.329,all,13,0.5186791185579269,0.14385570442100548
Haida,4.366,all,14,0.5160526235863067,0.13792086507184118
Haida,4.395,all,15,0.505203157383473,0.13044289433317302
Haida,4.426,all,16,0.5106709163294741,0.12766772908236854
Haida,4.457,all,17,0.508339856207842,0.12329052475624858
Haida,4.495,all,18,0.5042114925596493,0.11884378851370615
Haida,4.529,all,19,0.5014084267445157,0.11503098219047686
Haida,4.56,all,20,0.49663532561291557,0.11105103480982216
Haida,4.582,all,21,0.49347696959383985,0.1076855031848187
Haida,4.613,all,22,0.48730736549786363,0.10389427940950981
Haida,4.64,all,23,0.48024018015013137,0.10013699977066867
Haida,4.67,all,24,0.47044800065609943,0.09602979600999746
Haida,4.697,all,25,0.45978516983739526,0.09195703396747905
Haida,4.728,all,26,0.4452125494796999,0.08731336451897628
Haida,4.763,all,27,0.4254550646214145,0.0818788653624211
Haida,4.796,all,28,0.40317061716666125,0.076192084925101
Haida,4.815,all,29,0.38849186082326864,0.07214112747460905
Haida,4.841,all,30,0.36585906146062974,0.06679642027655196
Haida,4.869,all,31,0.33756918246924283,0.06062921497231985
Haida,4.892,all,32,0.3105357184486713,0.05489547807892298
Haida,4.925,all,33,0.26352313834736496,0.045873490213598364
Haida,4.953,all,34,0.21174474216810163,0.036313923693194756
Haida,4.971,all,35,0.1678904023081343,0.02837865756776041
Haida,5,all,36,0,0
Haisla,2.072,all,1,0.9938831942455832,0.9938831942455832
Haisla,2.81,all,2,0.9893830799436986,0.6995994850194213
Haisla,3.238,all,3,1.0287926974927526,0.593973740837762
Haisla,3.55,all,4,1.0022497216285493,0.5011248608142747
Haisla,3.825,all,5,0.9376855839001975,0.4193457414244848
Haisla,4.058,all,6,0.8907465573491875,0.36364575927437714
Haisla,4.251,all,7,0.7928604086644935,0.2996730665307558
Haisla,4.389,all,8,0.7086474308012279,0.25054470189498645
Haisla,4.522,all,9,0.6212100304260242,0.20707001014200807
Haisla,4.625,all,10,0.5537884809940359,0.17512329419060207
Haisla,4.721,all,11,0.4619224744179183,0.13927486635243416
Haisla,4.797,all,12,0.402433787041984,0.11617262763984501
Haisla,4.858,all,13,0.34922479573758497,0.09685753136117697
Haisla,4.933,all,14,0.25014710386805117,0.06685462564057157
Haisla,5,all,15,0,0
Han,2.133,all,1,0.6096578406636649,0.6096578406636649
Han,2.741,all,2,0.6101567759939173,0.4314459938922201
Han,3.056,all,3,0.6732884354549077,0.38872325945215297
Han,3.287,all,4,0.6878256349570755,0.34391281747853775
Han,3.492,all,5,0.7031574720007109,0.3144615812560989
Han,3.7,all,6,0.7060442610052846,0.288241362547229
Han,3.857,all,7,0.706434745783395,0.2670072364054283
Han,4.015,all,8,0.7023305975594886,0.2483113640845572
Han,4.166,all,9,0.6847721613156547,0.22825738710521823
Han,4.314,all,10,0.6417287712233384,0.20293245571268675
Han,4.465,all,11,0.5891707071147734,0.17764165208800708
Han,4.591,all,12,0.5440726192476654,0.1570602365906722
Han,4.713,all,13,0.4699487757743942,0.13034033906893133
Han,4.868,all,14,0.3386601403925338,0.09051072970754458
Han,5,all,15,0,0
Heiltsuk,2.255,all,1,0.990432206643118,0.990432206643118
Heiltsuk,3.082,all,2,0.9349599724855339,0.6611165366825088
Heiltsuk,3.534,all,3,0.8231169549471822,0.4752267955133007
Heiltsuk,3.796,all,4,0.7435972948692975,0.37179864743464874
Heiltsuk,3.96,all,5,0.6699618264116612,0.2996160372372777
Heiltsuk,4.114,all,6,0.5944386909996332,0.2426785793861768
Heiltsuk,4.211,all,7,0.5538824656782211,0.2093478942491202
Heiltsuk,4.29,all,8,0.5368316199593577,0.18979863941431066
Heiltsuk,4.365,all,9,0.5292022817931297,0.1764007605977099
Heiltsuk,4.422,all,10,0.5120333760392756,0.16191917063095962
Heiltsuk,4.469,all,11,0.5092134113496013,0.15353362033304813
Heiltsuk,4.521,all,12,0.5018075435969559,0.14485936018854367
Heiltsuk,4.561,all,13,0.49651336892930237,0.1377080315867668
Heiltsuk,4.607,all,14,0.4886612219010117,0.13060020503970718
Heiltsuk,4.655,all,15,0.4756061408363029,0.12280097752086536
Heiltsuk,4.693,all,16,0.46148018805140917,0.11537004701285229
Heiltsuk,4.734,all,17,0.44208533049564025,0.10722144195115395
Heiltsuk,4.777,all,18,0.41646661864361284,0.09816212339357684
Heiltsuk,4.825,all,19,0.38015722999769386,0.08721404990612086
Heiltsuk,4.869,all,20,0.33756918246924283,0.07548276391102572
Heiltsuk,4.913,all,21,0.2819760814510878,0.06153222559126873
Heiltsuk,4.964,all,22,0.18638331132035063,0.03973705549022951
Heiltsuk,5,all,23,0,0
Huron,2.347,all,1,0.8884708100890993,0.8884708100890993
Huron,3.153,all,2,0.773426912635699,0.5468954146768782
Huron,3.511,all,3,0.6231109590331945,0.3597532799328207
Huron,3.699,all,4,0.49461464155809587,0.24730732077904793
Huron,3.81,all,5,0.39503930950736543,0.1766669499686096
Huron,3.867,all,6,0.3397446488562056,0.13870017208979138
Huron,3.913,all,7,0.2819760814510878,0.10657694102686734
Huron,3.951,all,8,0.21597603025716916,0.07635905778429763
Huron,3.976,all,9,0.15312559370479986,0.05104186456826662
Huron,3.996,all,10,0.06315051850925682,0.019969947390987258
Huron,4,all,11,0,0
Huron,4,all,12,0,0
Huron,4,all,13,0,0
Ingalik,2.122,all,1,0.6257056077002248,0.6257056077002248
Ingalik,2.716,all,2,0.5930393711177157,0.4193421608279423
Ingalik,3.022,all,3,0.6418161169119454,0.370552707869352
Ingalik,3.302,all,4,0.662748244233989,0.3313741221169945
Ingalik,3.508,all,5,0.6711083268641408,0.3001287678268734
Ingalik,3.709,all,6,0.6890528236599817,0.2813046372984852
Ingalik,3.878,all,7,0.6852631506111981,0.2590051255934042
Ingalik,4.022,all,8,0.6826287292386557,0.24134570173870454
Ingalik,4.176,all,9,0.6689330844497613,0.2229776948165871
Ingalik,4.323,all,10,0.633302512289405,0.2002678386741296
Ingalik,4.456,all,11,0.6036790773485764,0.18201609030483304
Ingalik,4.588,all,12,0.546401459143874,0.15773251476116
Ingalik,4.704,all,13,0.48022350485436943,0.13319003618734301
Ingalik,4.859,all,14,0.34819569244928955,0.0930592131925537
Ingalik,5,all,15,0,0
Interior Salish,2.347,all,1,0.6580456093797937,0.6580456093797937
Interior Salish,2.836,all,2,0.6430532773553973,0.45470733308223515
Interior Salish,3.095,all,3,0.6359083105129067,0.3671418342545469
Interior Salish,3.273,all,4,0.6122465564181198,0.3061232782090599
Interior Salish,3.414,all,5,0.5682665984614325,0.2541365487004681
Interior Salish,3.531,all,6,0.5303963803801082,0.2165334155584
Interior Salish,3.634,all,7,0.49425528655573153,0.18681093891506165
Interior Salish,3.724,all,8,0.44724045436881493,0.15812337905257084
Interior Salish,3.796,all,9,0.40317061716666125,0.1343902057222204
Interior Salish,3.844,all,10,0.3630369069334353,0.11480235006122294
Interior Salish,3.892,all,11,0.3105357184486713,0.09363004200888071
Interior Salish,3.932,all,12,0.2518718710762269,0.07270914628357716
Interior Salish,3.957,all,13,0.2029585972364615,0.056290586856331225
Interior Salish,3.979,all,14,0.14345584540052586,0.0383401874013413
Interior Salish,3.994,all,15,0.07726558075864033,0.01994988716755055
Interior Salish,4,all,16,0,0
Interior Salish,4,all,17,0,0
Inuit-Inupiaq,2.119,all,1,1.04207721639278,1.04207721639278
Inuit-Inupiaq,2.782,all,2,0.8713410556350684,0.6161311691658016
Inuit-Inupiaq,3.102,all,3,0.835640050676303,0.48245700820359605
Inuit-Inupiaq,3.372,all,4,0.8150339135767789,0.40751695678838945
Inuit-Inupiaq,3.597,all,5,0.7740737627579106,0.34617631062514664
Inuit-Inupiaq,3.767,all,6,0.7571553897875153,0.309107393496253
Inuit-Inupiaq,3.919,all,7,0.7035154112980994,0.26590383168515586
Inuit-Inupiaq,4.006,all,8,0.6800194309182838,0.2404231754704677
Inuit-Inupiaq,4.087,all,9,0.6525770888231189,0.217525696274373
Inuit-Inupiaq,4.174,all,10,0.6165258340930282,0.19496258720690596
Inuit-Inupiaq,4.253,all,11,0.5876532449806913,0.17718412003961415
Inuit-Inupiaq,4.303,all,12,0.5687833634297987,0.16419361399338753
Inuit-Inupiaq,4.369,all,13,0.552398537420352,0.15320778855079945
Inuit-Inupiaq,4.415,all,14,0.5487039967742864,0.1466473116202067
Inuit-Inupiaq,4.455,all,15,0.5387627170334499,0.1391079353752007
Inuit-Inupiaq,4.498,all,16,0.5256160882928455,0.13140402207321136
Inuit-Inupiaq,4.527,all,17,0.5191729389524656,0.1259179332507862
Inuit-Inupiaq,4.558,all,18,0.5068460248368265,0.11946475372652178
Inuit-Inupiaq,4.576,all,19,0.5004742495618276,0.11481666724654535
Inuit-Inupiaq,4.604,all,20,0.49338365135807594,0.11032393834237142
Inuit-Inupiaq,4.631,all,21,0.48690458621384547,0.10625129154981422
Inuit-Inupiaq,4.655,all,22,0.47770618920336716,0.10184730174566665
Inuit-Inupiaq,4.687,all,23,0.4660989682977728,0.09718835326721717
Inuit-Inupiaq,4.703,all,24,0.45934954228996683,0.09376433268261847
Inuit-Inupiaq,4.723,all,25,0.44997052511633856,0.08999410502326771
Inuit-Inupiaq,4.75,all,26,0.4332293707583636,0.08496326982147767
Inuit-Inupiaq,4.775,all,27,0.4177912750998392,0.08040396838132305
Inuit-Inupiaq,4.794,all,28,0.4046328307586122,0.07646841731995535
Inuit-Inupiaq,4.807,all,29,0.39485048677557294,0.07332189467116357
Inuit-Inupiaq,4.818,all,30,0.3860375953518323,0.07048049967308334
Inuit-Inupiaq,4.842,all,31,0.3649235113954281,0.06554219748084711
Inuit-Inupiaq,4.855,all,32,0.3522770203960217,0.06227436749455466
Inuit-Inupiaq,4.871,all,33,0.33536766610911,0.058380017199607
Inuit-Inupiaq,4.881,all,34,0.32395052700056526,0.05555705703676705
Inuit-Inupiaq,4.885,all,35,0.31918157352340515,0.05395153297884974
Inuit-Inupiaq,4.898,all,36,0.30279974849343533,0.05046662474890589
Inuit-Inupiaq,4.91,all,37,0.28632495871296654,0.04707153325265994
Inuit-Inupiaq,4.917,all,38,0.2760202658994212,0.04477639979509506
Inuit-Inupiaq,4.929,all,39,0.25695335184625445,0.041145465845169704
Inuit-Inupiaq,4.943,all,40,0.2319586273558386,0.036675879268534516
Inuit-Inupiaq,4.955,all,41,0.20740785428237288,0.032391664848522
Inuit-Inupiaq,4.962,all,42,0.19129190414806527,0.029516981630673855
Inuit-Inupiaq,4.969,all,43,0.17340435135563662,0.026443915671187243
Inuit-Inupiaq,4.977,all,44,0.1499783100768024,0.022610080964378724
Inuit-Inupiaq,4.98,all,45,0.14007005254378832,0.020880410606658534
Inuit-Inupiaq,4.986,all,46,0.11754921445002436,0.01733168612298309
Inuit-Inupiaq,4.988,all,47,0.10893974420691407,0.01589049486252433
Inuit-Inupiaq,4.992,all,48,0.08912880535463237,0.01286463494101169
Inuit-Inupiaq,4.999,all,49,0.03162277660168379,0.004517539514526256
Inuit-Inupiaq,5,all,50,0,0
Inuit-Inupiaq,5,all,51,0,0
Inuit-Inupiaq,5,all,52,0,0
Kolchan,2.277,all,1,0.4477404063421923,0.4477404063421923
Kolchan,2.551,all,2,0.5689663634369986,0.4023199738533514
Kolchan,2.799,all,3,0.6172357572111162,0.35636123057930047
Kolchan,3.031,all,4,0.626443478241598,0.313221739120799
Kolchan,3.254,all,5,0.6147046948428667,0.27490429675138284
Kolchan,3.444,all,6,0.5684955472008442,0.23208733528106298
Kolchan,3.622,all,7,0.5013655027695537,0.18949834803930063
Kolchan,3.769,all,8,0.42168331341993703,0.14908756521622488
Kolchan,3.898,all,9,0.30279974849343533,0.10093324949781178
Kolchan,4,all,10,0,0
Koyukon,2.038,all,1,0.5855756986922348,0.5855756986922348
Koyukon,2.646,all,2,0.6074973687622466,0.42956550900476925
Koyukon,2.958,all,3,0.6728214389336065,0.38845363888486906
Koyukon,3.22,all,4,0.715620089231788,0.357810044615894
Koyukon,3.457,all,5,0.717402025133513,0.32083193907890956
Koyukon,3.667,all,6,0.7243173583696829,0.2957013233077243
Koyukon,3.871,all,7,0.7062987029988501,0.2669558170660611
Koyukon,4.051,all,8,0.6963360423559044,0.24619196876723148
Koyukon,4.218,all,9,0.6833322346728149,0.22777741155760498
Koyukon,4.384,all,10,0.6316193022247998,0.1997355609156624
Koyukon,4.536,all,11,0.5805523585698719,0.17504312223019403
Koyukon,4.695,all,12,0.50022517452166,0.144402569582754
Koyukon,4.834,all,13,0.37226681638655706,0.10324823804888228
Koyukon,5,all,14,0,0
Kwakiutl,2.081,all,1,1.1125091804909641,1.1125091804909641
Kwakiutl,2.857,all,2,0.9682398920146229,0.6846489934588703
Kwakiutl,3.27,all,3,0.8853721725262681,0.5111698621410447
Kwakiutl,3.506,all,4,0.8164745131543487,0.40823725657717436
Kwakiutl,3.694,all,5,0.7516175416586077,0.33613358324598536
Kwakiutl,3.848,all,6,0.6865619909136882,0.2802877590879795
Kwakiutl,3.96,all,7,0.6251326185624861,0.23627792073584833
Kwakiutl,4.037,all,8,0.5761622713810433,0.20370412457868978
Kwakiutl,4.109,all,9,0.5435203900631644,0.18117346335438814
Kwakiutl,4.154,all,10,0.5201485889191227,0.16448542627070475
Kwakiutl,4.211,all,11,0.5066909667003505,0.15277307465522955
Kwakiutl,4.258,all,12,0.483393907356795,0.1395438012685353
Kwakiutl,4.288,all,13,0.4809233694543106,0.13338414370280222
Kwakiutl,4.323,all,14,0.482601185145565,0.12898059209041154
Kwakiutl,4.352,all,15,0.48819497573647186,0.1260514007152993
Kwakiutl,4.376,all,16,0.4928152461794043,0.12320381154485108
Kwakiutl,4.397,all,17,0.4935935925785855,0.11971403048997631
Kwakiutl,4.419,all,18,0.4976813103650635,0.11730460980964776
Kwakiutl,4.445,all,19,0.49721446300587663,0.11406882092155046
Kwakiutl,4.464,all,20,0.498951854343636,0.11156902638119437
Kwakiutl,4.484,all,21,0.49999399395792143,0.10910763449216514
Kwakiutl,4.51,all,22,0.5001501276118503,0.10663236549219646
Kwakiutl,4.532,all,23,0.4992246240173107,0.10409552995983301
Kwakiutl,4.565,all,24,0.4960050614873008,0.1012466092068069
Kwakiutl,4.585,all,25,0.4929685771101623,0.09859371542203246
Kwakiutl,4.621,all,26,0.4853808758022864,0.09519102143233132
Kwakiutl,4.647,all,27,0.4781418404821101,0.0920184401043898
Kwakiutl,4.679,all,28,0.46709439857182744,0.08827254410088134
Kwakiutl,4.701,all,29,0.4580489153014215,0.08505754822852926
Kwakiutl,4.73,all,30,0.44418160396092193,0.08109609470607433
Kwakiutl,4.763,all,31,0.4254550646214145,0.07641398538015019
Kwakiutl,4.795,all,32,0.403903624814309,0.07140074801300625
Kwakiutl,4.821,all,33,0.38354413840665863,0.06676646456937887
Kwakiutl,4.848,all,34,0.3592005359475749,0.06160238369743998
Kwakiutl,4.876,all,35,0.32974646735443996,0.05573732597326057
Kwakiutl,4.894,all,36,0.30799165387857325,0.05133194231309554
Kwakiutl,4.921,all,37,0.26987373312686774,0.04436696842637331
Kwakiutl,4.951,all,38,0.21597603025716916,0.035035938558498556
Kwakiutl,4.972,all,39,0.16505527329729044,0.026429996188889214
Kwakiutl,5,all,40,0,0
Maliseet-Passamaquoddy,2.621,all,1,0.7693834875736227,0.7693834875736227
Maliseet-Passamaquoddy,3.268,all,2,0.792972133687436,0.5607159730223515
Maliseet-Passamaquoddy,3.604,all,3,0.6384290027807255,0.3685971566139162
Maliseet-Passamaquoddy,3.797,all,4,0.4560690726183908,0.2280345363091954
Maliseet-Passamaquoddy,3.904,all,5,0.31125693708073543,0.13919833395617986
Maliseet-Passamaquoddy,3.964,all,6,0.19683176253527465,0.08035623056401492
Maliseet-Passamaquoddy,3.988,all,7,0.10893974420691407,0.04117535300892629
Maliseet-Passamaquoddy,3.997,all,8,0.05471740119919799,0.01934552271842891
Maliseet-Passamaquoddy,4,all,9,0,0
Maliseet-Passamaquoddy,4,all,10,0,0
Maliseet-Passamaquoddy,4,all,11,0,0
Maliseet-Passamaquoddy,4,all,12,0,0
Metis,2.465,all,1,0.7780619386529458,0.7780619386529458
Metis,2.968,all,2,0.5859345691451557,0.41431830717415763
Metis,3.201,all,3,0.4988465173255676,0.2880091710622238
Metis,3.322,all,4,0.48430419216702075,0.24215209608351038
Metis,3.403,all,5,0.4927817304180765,0.22037868945695896
Metis,3.483,all,6,0.49996095943679536,0.2041082069887445
Metis,3.555,all,7,0.49721446300587663,0.18792940248258205
Metis,3.656,all,8,0.475278749672116,0.1680364134235084
Metis,3.731,all,9,0.4436618485241162,0.14788728284137206
Metis,3.822,all,10,0.38270414482007176,0.1210216767618357
Metis,3.915,all,11,0.2790212408632233,0.0841280694984265
Metis,4,all,12,0,0
Micmac,2.234,all,1,0.9971149573836701,0.9971149573836701
Micmac,2.88,all,2,0.8404203152627299,0.5942669039692123
Micmac,3.19,all,3,0.7618926961721582,0.4398789532286053
Micmac,3.381,all,4,0.7115794722624771,0.35578973613123854
Micmac,3.523,all,5,0.6402194005814577,0.2863148200428615
Micmac,3.647,all,6,0.5538029412143797,0.22608910400462975
Micmac,3.732,all,7,0.48622259553872277,0.18377486708797197
Micmac,3.801,all,8,0.42376712777016884,0.14982430484511625
Micmac,3.857,all,9,0.3669954845576246,0.12233182818587486
Micmac,3.89,all,10,0.3286457180734415,0.10392690123736394
Micmac,3.918,all,11,0.2887202094751238,0.08705241856561814
Micmac,3.942,all,12,0.24226987987509857,0.06993729018121324
Micmac,3.957,all,13,0.2029585972364615,0.056290586856331225
Micmac,3.973,all,14,0.162164414398774,0.04334026278621737
Micmac,3.978,all,15,0.1467567291047928,0.03789242451778239
Micmac,3.988,all,16,0.10893974420691407,0.02723493605172852
Micmac,3.991,all,17,0.09448771310560929,0.02291663655632266
Micmac,3.993,all,18,0.08341437500789632,0.01966095673884039
Micmac,3.994,all,19,0.07726558075864033,0.017725939912678627
Micmac,3.997,all,20,0.05471740119919799,0.012235182863353521
Micmac,3.998,all,21,0.04469897088298564,0.00975411512180518
Micmac,3.999,all,22,0.03162277660168379,0.00674199862463242
Micmac,3.999,all,23,0.03162277660168379,0.00659380473395787
Micmac,4,all,24,0,0
Micmac,4,all,25,0,0
Micmac,4,all,26,0,0
Micmac,4,all,27,0,0
Micmac,4,all,28,0,0
Micmac,4,all,29,0,0
Micmac,4,all,30,0,0
Micmac,4,all,31,0,0
Micmac,4,all,32,0,0
Micmac,4,all,33,0,0
Micmac,4,all,34,0,0
Micmac,4,all,35,0,0
Micmac,4,all,36,0,0
Micmac,4,all,37,0,0
Micmac,4,all,38,0,0
Micmac,4,all,39,0,0
Micmac,4,all,40,0,0
Micmac,4,all,41,0,0
Micmac,4,all,42,0,0
Micmac,4,all,43,0,0
Micmac,4,all,44,0,0
Micmac,4,all,45,0,0
Micmac,4,all,46,0,0
Micmac,4,all,47,0,0
Micmac,4,all,48,0,0
Micmac,4,all,49,0,0
Micmac,4,all,50,0,0
Micmac,4,all,51,0,0
Micmac,4,all,52,0,0
Micmac,4,all,53,0,0
Micmac,4,all,54,0,0
Micmac,4,all,55,0,0
Micmac,4,all,56,0,0
Micmac,4,all,57,0,0
Montagnais-Naskapi,2.224,all,1,0.8835183102825909,0.8835183102825909
Montagnais-Naskapi,2.719,all,2,0.7159270574238352,0.5062368771393246
Montagnais-Naskapi,3.001,all,3,0.6398503015615515,0.36941774384762505
Montagnais-Naskapi,3.187,all,4,0.5816952547248166,0.2908476273624083
Montagnais-Naskapi,3.312,all,5,0.5522327054430596,0.24696597375385987
Montagnais-Naskapi,3.385,all,6,0.5395053902103908,0.2202521532494314
Montagnais-Naskapi,3.474,all,7,0.5114543827024904,0.1933115862264064
Montagnais-Naskapi,3.531,all,8,0.5072438233200048,0.1793377735922832
Montagnais-Naskapi,3.581,all,9,0.4956659002641645,0.1652219667547215
Montagnais-Naskapi,3.624,all,10,0.4846223879051182,0.153251055088981
Montagnais-Naskapi,3.673,all,11,0.46935199082489393,0.14151494983386395
Montagnais-Naskapi,3.717,all,12,0.4506818324651152,0.13010063864630403
Montagnais-Naskapi,3.77,all,13,0.4210430824479572,0.1167763402265786
Montagnais-Naskapi,3.813,all,14,0.3901066305296325,0.10426038255362087
Montagnais-Naskapi,3.86,all,15,0.3471606552023436,0.08963649573714214
Montagnais-Naskapi,3.88,all,16,0.3251241389157466,0.08128103472893665
Montagnais-Naskapi,3.909,all,17,0.28775302222878874,0.0697903591023531
Montagnais-Naskapi,3.927,all,18,0.2602666685127751,0.06134544207407152
Montagnais-Naskapi,3.943,all,19,0.2319586273558386,0.05321495872244787
Montagnais-Naskapi,3.967,all,20,0.17872588772459053,0.03996432342911796
Montagnais-Naskapi,3.98,all,21,0.14007005254378832,0.030565791351350086
Montagnais-Naskapi,3.987,all,22,0.11333068359382575,0.024162182927274678
Montagnais-Naskapi,3.993,all,23,0.08341437500789632,0.017393099528708603
Montagnais-Naskapi,4,all,24,0,0
Montagnais-Naskapi,4,all,25,0,0
Nass-Gitksan,2.144,all,1,0.9487698162168546,0.9487698162168546
Nass-Gitksan,2.686,all,2,0.7962650551405844,0.5630444201117873
Nass-Gitksan,2.974,all,3,0.8148545808842139,0.4704565116239006
Nass-Gitksan,3.198,all,4,0.8194311853154402,0.4097155926577201
Nass-Gitksan,3.371,all,5,0.8258577607802938,0.3693348185700993
Nass-Gitksan,3.537,all,6,0.7970359253297596,0.32538855395415756
Nass-Gitksan,3.691,all,7,0.7720849144460181,0.29182066780696353
Nass-Gitksan,3.826,all,8,0.7444986758069341,0.26322003112374404
Nass-Gitksan,3.936,all,9,0.7378675006045791,0.2459558335348597
Nass-Gitksan,4.066,all,10,0.6827225718475332,0.21589583370461551
Nass-Gitksan,4.153,all,11,0.6633483481784145,0.20000705238271224
Nass-Gitksan,4.234,all,12,0.6400419155443288,0.18476418611608098
Nass-Gitksan,4.325,all,13,0.624311432511663,0.17315283705993667
Nass-Gitksan,4.403,all,14,0.6041158464698273,0.16145675138650153
Nass-Gitksan,4.469,all,15,0.5773840769993336,0.1490799276389173
Nass-Gitksan,4.538,all,16,0.5539520402190634,0.13848801005476585
Nass-Gitksan,4.61,all,17,0.5197789628006987,0.1260649156236043
Nass-Gitksan,4.672,all,18,0.4905676881498176,0.11562791297391453
Nass-Gitksan,4.737,all,19,0.4450045269758826,0.1020910401318943
Nass-Gitksan,4.799,all,20,0.40094857495663927,0.08965482690847151
Nass-Gitksan,4.849,all,21,0.3582280381646966,0.07817176671167866
Nass-Gitksan,4.904,all,22,0.2947386484173239,0.06283849098025786
Nass-Gitksan,4.952,all,23,0.21387319079712103,0.04459564306157865
Nass-Gitksan,5,all,24,0,0
Nootkan,2.203,all,1,1.0182474295709407,1.0182474295709407
Nootkan,2.94,all,2,0.9387658287780192,0.6638076834751467
Nootkan,3.364,all,3,0.8968323746990339,0.5177864129504586
Nootkan,3.629,all,4,0.8438430369867793,0.42192151849338966
Nootkan,3.808,all,5,0.7808621810189975,0.34921218356344486
Nootkan,3.967,all,6,0.7017146167804996,0.28647379269414375
Nootkan,4.066,all,7,0.6542721697214945,0.24729163583338834
Nootkan,4.155,all,8,0.627190854818825,0.22174545327028927
Nootkan,4.237,all,9,0.5993247785551589,0.19977492618505296
Nootkan,4.307,all,10,0.5595212811538665,0.17693616477816626
Nootkan,4.361,all,11,0.5449550219751865,0.1643101214101432
Nootkan,4.407,all,12,0.5250015491659302,0.1515548928679602
Nootkan,4.449,all,13,0.5212203667074712,0.14456051984461007
Nootkan,4.481,all,14,0.5137148069726071,0.13729605730030034
Nootkan,4.515,all,15,0.5118955333239752,0.1321708583707813
Nootkan,4.547,all,16,0.504028813705174,0.1260072034262935
Nootkan,4.577,all,17,0.49428262696084646,0.1198811458745495
Nootkan,4.613,all,18,0.48730736549786363,0.11485944755523028
Nootkan,4.635,all,19,0.4816710568500115,0.11050291899145445
Nootkan,4.658,all,20,0.47461696267754827,0.10612757918214785
Nootkan,4.678,all,21,0.46747677432631296,0.10201179542781515
Nootkan,4.701,all,22,0.4580489153014215,0.0976563568681734
Nootkan,4.728,all,23,0.44521254947969985,0.09283323388561603
Nootkan,4.755,all,24,0.4303024054780082,0.08783511070944243
Nootkan,4.774,all,25,0.41844844258175834,0.08368968851635167
Nootkan,4.79,all,26,0.40751204407485436,0.07991968710622176
Nootkan,4.812,all,27,0.39090767299812473,0.07523021674458584
Nootkan,4.83,all,28,0.3758207567993567,0.0710234471447989
Nootkan,4.847,all,29,0.3601676286407771,0.06688144960087594
Nootkan,4.865,all,30,0.34189456253630574,0.06242112139649844
Nootkan,4.875,all,31,0.33088439746304826,0.05942859214229822
Nootkan,4.892,all,32,0.3105357184486713,0.05489547807892298
Nootkan,4.899,all,33,0.3014795016081357,0.0524808449586363
Nootkan,4.916,all,34,0.2775266131761439,0.04759542149910103
Nootkan,4.929,all,35,0.25695335184625445,0.043433043715923096
Nootkan,4.937,all,36,0.24308453280719053,0.040514088801198424
Nootkan,4.947,all,37,0.22414558046332575,0.03684930643714223
Nootkan,4.952,all,38,0.21387319079712103,0.0346948129528797
Nootkan,4.955,all,39,0.20740785428237288,0.0332118367909109
Nootkan,4.966,all,40,0.18131981931624816,0.028669180698476925
Nootkan,4.973,all,41,0.162164414398774,0.025325826641119372
Nootkan,4.976,all,42,0.15312559370479986,0.02362779207358483
Nootkan,4.98,all,43,0.14007005254378832,0.021360482759340535
Nootkan,4.987,all,44,0.11333068359382575,0.01708524339614575
Nootkan,4.993,all,45,0.08341437500789632,0.012434680854554382
Nootkan,4.998,all,46,0.04469897088298564,0.006590503705098193
Nootkan,4.999,all,47,0.03162277660168379,0.004612656040144426
Nootkan,5,all,48,0,0
Nootkan,5,all,49,0,0
Ojibwa-Algonquin,2.199,all,1,0.7402343864931883,0.7402343864931883
Ojibwa-Algonquin,2.728,all,2,0.6873779807998569,0.4860496314618952
Ojibwa-Algonquin,3.059,all,3,0.6752591909592752,0.38986107567310646
Ojibwa-Algonquin,3.274,all,4,0.6207328808024506,0.3103664404012253
Ojibwa-Algonquin,3.434,all,5,0.5865048916999652,0.2622929613954549
Ojibwa-Algonquin,3.568,all,6,0.5307142900447073,0.21666320163549452
Ojibwa-Algonquin,3.659,all,7,0.48472049054476124,0.18320712476552478
Ojibwa-Algonquin,3.741,all,8,0.44058269724662713,0.15576950644827484
Ojibwa-Algonquin,3.799,all,9,0.40094857495663927,0.13364952498554641
Ojibwa-Algonquin,3.843,all,10,0.3639828065767441,0.1151014697923026
Ojibwa-Algonquin,3.882,all,11,0.3227695465501356,0.09731867996908646
Ojibwa-Algonquin,3.915,all,12,0.2790212408632233,0.08054649426100269
Ojibwa-Algonquin,3.935,all,13,0.24664921616708177,0.06840818430333961
Ojibwa-Algonquin,3.954,all,14,0.20958990416508122,0.05601525807946561
Ojibwa-Algonquin,3.967,all,15,0.17872588772459053,0.04614682577956505
Ojibwa-Algonquin,3.979,all,16,0.14345584540052586,0.035863961350131465
Ojibwa-Algonquin,3.986,all,17,0.11754921445002436,0.028509872199166602
Ojibwa-Algonquin,3.993,all,18,0.08341437500789632,0.01966095673884039
Ojibwa-Algonquin,3.999,all,19,0.03162277660168379,0.007254762501100116
Ojibwa-Algonquin,4,all,20,0,0
Ojibwa-Algonquin,4,all,21,0,0
Ojibwa-Algonquin,4,all,22,0,0
Onondaga,1.9565217391304348,all,1,0.7057079533454471,0.7057079533454471
Onondaga,2.8260869565217392,all,2,0.38755338788158983,0.2740416286428925
Onondaga,3,all,3,0,0
Onondaga,3,all,4,0,0
Powhatan,1.864,all,1,0.7746638652371131,0.7746638652371131
Powhatan,2.465,all,2,0.667248244823634,0.4718157586496132
Powhatan,2.781,all,3,0.6644399750771175,0.38361459847112206
Powhatan,3.005,all,4,0.6506907087075997,0.32534535435379985
Powhatan,3.2,all,5,0.6296001877353568,0.2815657636845774
Powhatan,3.372,all,6,0.5983092628181298,0.24425873371419562
Powhatan,3.506,all,7,0.5588168539658376,0.21121291771787207
Powhatan,3.628,all,8,0.5117400491244337,0.180927429470312
Powhatan,3.727,all,9,0.45461816690237716,0.15153938896745905
Powhatan,3.801,all,10,0.40689625774214805,0.12867189458641096
Powhatan,3.868,all,11,0.34160312160853085,0.10299721650814944
Powhatan,3.919,all,12,0.27297163499805893,0.0788001234736308
Powhatan,3.962,all,13,0.19129190414806527,0.05305482838361476
Powhatan,3.98,all,14,0.14007005254378832,0.03743529619759141
Powhatan,3.994,all,15,0.07726558075864033,0.01994988716755055
Powhatan,4,all,16,0,0
Powhatan,4,all,17,0,0
Quileute,2.133,all,1,0.9644901457460523,0.9644901457460523
Quileute,2.802,all,2,0.9590180997852521,0.6781282016387888
Quileute,3.175,all,3,0.972275845797025,0.5613437212974834
Quileute,3.463,all,4,0.9662114491996897,0.48310572459984485
Quileute,3.679,all,5,0.9234781057566074,0.41299196404090277
Quileute,3.899,all,6,0.857633100185933,0.3501272469961301
Quileute,4.068,all,7,0.8012602685881898,0.302847915160167
Quileute,4.221,all,8,0.7325951785916256,0.25901150932335415
Quileute,4.37,all,9,0.6538558920186677,0.21795196400622255
Quileute,4.472,all,10,0.5962982236864132,0.18856605515616315
Quileute,4.564,all,11,0.5405517516354897,0.16298248544948185
Quileute,4.632,all,12,0.5087581299938457,0.14686582165217874
Quileute,4.697,all,13,0.46841264971220664,0.12991429435487029
Quileute,4.772,all,14,0.42213054165055885,0.11281913281069275
Quileute,4.829,all,15,0.3766973598273565,0.09726284007811031
Quileute,4.895,all,16,0.3067068128833611,0.07667670322084028
Quileute,4.939,all,17,0.239450070654273,0.05807517255112819
Quileute,5,all,18,0,0
Sekani,2.345,all,1,0.6989016121482791,0.6989016121482791
Sekani,2.751,all,2,0.7318022509766792,0.5174623341531895
Sekani,3.03,all,3,0.7318713245070035,0.42254610621628647
Sekani,3.25,all,4,0.7211241363454839,0.36056206817274195
Sekani,3.439,all,5,0.6361475329541754,0.2844938254808647
Sekani,3.571,all,6,0.5720894041024412,0.23355452121731177
Sekani,3.697,all,7,0.5034326612809745,0.19027966051669631
Sekani,3.783,all,8,0.42672367299353464,0.15086960143327957
Sekani,3.861,all,9,0.3518562246185262,0.1172854082061754
Sekani,3.906,all,10,0.29197474077263813,0.09233052000787671
Sekani,3.942,all,11,0.2338604085575211,0.07051156622768333
Sekani,3.975,all,12,0.15620307103062794,0.04509194255388964
Sekani,3.989,all,13,0.10435463521037237,0.02894276831410288
Sekani,4,all,14,0,0
Sekani,4,all,15,0,0
Siuslaw,2.239,all,1,0.42668613881993056,0.42668613881993056
Siuslaw,2.469,all,2,0.4992877810324305,0.35304977573161567
Siuslaw,2.645,all,3,0.4787527589520547,0.27640803425624483
Siuslaw,2.792,all,4,0.4060799193519681,0.20303995967598404
Siuslaw,2.898,all,5,0.30279974849343533,0.13541616424023217
Siuslaw,2.971,all,6,0.1678904023081343,0.06854096972758603
Siuslaw,3,all,7,0,0
Siuslaw,3,all,8,0,0
Slavey-Hare,2.302,all,1,0.761167113960775,0.761167113960775
Slavey-Hare,3.038,all,2,0.6715705525162692,0.47487209172945033
Slavey-Hare,3.421,all,3,0.6664857111770688,0.38479570475911984
Slavey-Hare,3.65,all,4,0.6692891362841235,0.3346445681420617
Slavey-Hare,3.857,all,5,0.6564921796807499,0.2935922280926326
Slavey-Hare,4.035,all,6,0.6589455282564782,0.2690133854195144
Slavey-Hare,4.181,all,7,0.6408195140986654,0.24220700994033112
Slavey-Hare,4.294,all,8,0.6260638593274299,0.2213470001931232
Slavey-Hare,4.405,all,9,0.6027755289810116,0.20092517632700388
Slavey-Hare,4.508,all,10,0.5641402788795126,0.17839682011018418
Slavey-Hare,4.598,all,11,0.5297892757282623,0.15973747686770792
Slavey-Hare,4.689,all,12,0.4842659532875644,0.13979553924497304
Slavey-Hare,4.783,all,13,0.41962731928115343,0.11638367817336134
Slavey-Hare,4.869,all,14,0.33756918246924283,0.09021915893809164
Slavey-Hare,4.947,all,15,0.22414558046332575,0.05787414001736368
Slavey-Hare,5,all,16,0,0
Tahltan-Kaska-Tagish,2.332,all,1,0.6944481681581846,0.6944481681581846
Tahltan-Kaska-Tagish,2.882,all,2,0.6682234076433738,0.47250530289221226
Tahltan-Kaska-Tagish,3.231,all,3,0.6708867930501309,0.3873366705632578
Tahltan-Kaska-Tagish,3.507,all,4,0.6696263132519505,0.33481315662597527
Tahltan-Kaska-Tagish,3.722,all,5,0.6701978552376643,0.29972159253719616
Tahltan-Kaska-Tagish,3.905,all,6,0.6468333582874289,0.2640686127358423
Tahltan-Kaska-Tagish,4.057,all,7,0.6388733514235503,0.241471429590441
Tahltan-Kaska-Tagish,4.17,all,8,0.6127605368130976,0.2166435654120252
Tahltan-Kaska-Tagish,4.272,all,9,0.6052952852801535,0.2017650950933845
Tahltan-Kaska-Tagish,4.356,all,10,0.5793095887343827,0.18319377707760695
Tahltan-Kaska-Tagish,4.44,all,11,0.5609943981134881,0.169146175275791
Tahltan-Kaska-Tagish,4.518,all,12,0.5421899759032529,0.15651676426982988
Tahltan-Kaska-Tagish,4.576,all,13,0.518162612017205,0.14371245128126045
Tahltan-Kaska-Tagish,4.64,all,14,0.49461565345694897,0.1321915938122295
Tahltan-Kaska-Tagish,4.709,all,15,0.4588349698197921,0.1184706797846425
Tahltan-Kaska-Tagish,4.766,all,16,0.4259406360344425,0.10648515900861062
Tahltan-Kaska-Tagish,4.819,all,17,0.38521083498181535,0.0934273506330823
Tahltan-Kaska-Tagish,4.867,all,18,0.3397446488562056,0.08007858169268847
Tahltan-Kaska-Tagish,4.915,all,19,0.2790212408632233,0.06401186273811114
Tahltan-Kaska-Tagish,4.95,all,20,0.21805400144814482,0.04875835700038894
Tahltan-Kaska-Tagish,5,all,21,0,0
Tanaina,2.234,all,1,0.7250998343468089,0.7250998343468089
Tanaina,2.963,all,2,0.7471205988253765,0.5282940417935779
Tanaina,3.403,all,3,0.7450813017021338,0.4301728901058838
Tanaina,3.756,all,4,0.7176203585315699,0.35881017926578496
Tanaina,4.076,all,5,0.6683342507089328,0.29888816325531214
Tanaina,4.31,all,6,0.627928574197969,0.2563507669497318
Tanaina,4.501,all,7,0.5516369306920117,0.2084991618014338
Tanaina,4.658,all,8,0.48297957438101796,0.17075906610970515
Tanaina,4.799,all,9,0.40094857495663927,0.13364952498554641
Tanaina,4.91,all,10,0.28632495871296654,0.09054390204866476
Tanaina,5,all,11,0,0
Tanana,2.099,all,1,0.6079215151387295,0.6079215151387295
Tanana,2.648,all,2,0.5970363912295903,0.4221684808535879
Tanana,2.948,all,3,0.6765750170925274,0.39062076824534636
Tanana,3.214,all,4,0.7090181286164033,0.35450906430820167
Tanana,3.453,all,5,0.7087265292715472,0.31695213938173483
Tanana,3.675,all,6,0.7347890274867439,0.2999763643230677
Tanana,3.901,all,7,0.7054762197953215,0.2666449476354804
Tanana,4.095,all,8,0.6945915760052503,0.24557520677418185
Tanana,4.261,all,9,0.6490764980341688,0.21635883267805625
Tanana,4.436,all,10,0.6018855923398285,0.1903329362633452
Tanana,4.6,all,11,0.5387859410659211,0.1624500735303816
Tanana,4.735,all,12,0.4571476610286702,0.13196716257715527
Tanana,4.861,all,13,0.3461196307619647,0.09599631355053284
Tanana,5,all,14,0,0
Tillamook,2.422,all,1,0.6725833542159427,0.6725833542159427
Tillamook,2.846,all,2,0.8055637361084056,0.569619580480224
Tillamook,3.178,all,3,0.7879955183482562,0.45494942463858445
Tillamook,3.464,all,4,0.6893324155871238,0.3446662077935619
Tillamook,3.669,all,5,0.57599546072063,0.25759300098052773
Tillamook,3.837,all,6,0.4154558985062116,0.1696091603282891
Tillamook,3.953,all,7,0.21174474216810163,0.08003198988604122
Tillamook,4,all,8,0,0
Tillamook,4,all,9,0,0
Tlingit,2.152,all,1,1.079843535917154,1.079843535917154
Tlingit,2.88,all,2,0.922198704428959,0.6520929575031655
Tlingit,3.272,all,3,0.8524920778181712,0.49218653061034456
Tlingit,3.535,all,4,0.8181958472422385,0.40909792362111924
Tlingit,3.736,all,5,0.7340591548661749,0.32828123395736253
Tlingit,3.889,all,6,0.6746362976701847,0.27541911520872275
Tlingit,3.991,all,7,0.6382212205233592,0.24122494727841723
Tlingit,4.096,all,8,0.622230802171647,0.21999180983935834
Tlingit,4.183,all,9,0.5880959588849909,0.19603198629499696
Tlingit,4.243,all,10,0.5694517321733908,0.1800764491196101
Tlingit,4.305,all,11,0.5534268526926402,0.1668644744807979
Tlingit,4.364,all,12,0.5457121968600316,0.15753354187860066
Tlingit,4.407,all,13,0.5400394824849778,0.14978000345189418
Tlingit,4.455,all,14,0.5217731760518619,0.13944974702821067
Tlingit,4.492,all,15,0.5159478677174684,0.13321716661206548
Tlingit,4.524,all,16,0.5154509575989646,0.12886273939974116
Tlingit,4.555,all,17,0.5091505025375447,0.12348713537050643
Tlingit,4.586,all,18,0.49684087075325317,0.11710651629341812
Tlingit,4.609,all,19,0.49230210375475886,0.11294184841891944
Tlingit,4.629,all,20,0.4853808758022864,0.1085344633272295
Tlingit,4.658,all,21,0.4767213685825959,0.10402913128250899
Tlingit,4.68,all,22,0.4688494639218646,0.09995904157108546
Tlingit,4.703,all,23,0.4571651780264984,0.09532552922349359
Tlingit,4.718,all,24,0.45019848809017415,0.09189638156611471
Tlingit,4.739,all,25,0.4393996723622721,0.08787993447245443
Tlingit,4.76,all,26,0.42729683193604723,0.08379980323608775
Tlingit,4.785,all,27,0.4110279113928201,0.07910235842903143
Tlingit,4.798,all,28,0.40169311340544206,0.07591286295986183
Tlingit,4.819,all,29,0.38521083498181535,0.07153185627141273
Tlingit,4.838,all,30,0.36863517451796685,0.06730326685778135
Tlingit,4.851,all,31,0.3562666500332664,0.06398737928129213
Tlingit,4.863,all,32,0.3440194025768741,0.06081461310546312
Tlingit,4.88,all,33,0.3251241389157466,0.05659684799706785
Tlingit,4.889,all,34,0.3142893217686178,0.053900174008716654
Tlingit,4.903,all,35,0.296105857217784,0.05005102501552895
Tlingit,4.914,all,36,0.28050433629924987,0.04675072271654165
Tlingit,4.928,all,37,0.2586172517116422,0.042516414281088655
Tlingit,4.936,all,38,0.24487540497968344,0.039724036195775254
Tlingit,4.947,all,39,0.22414558046332575,0.03589201798316196
Tlingit,4.96,all,40,0.19605723255834873,0.03099937033168514
Tlingit,4.971,all,41,0.1678904023081343,0.026220075713452844
Tlingit,4.977,all,42,0.1499783100768024,0.023142155666503975
Tlingit,4.979,all,43,0.14345584540052586,0.021876811329435357
Tlingit,4.987,all,44,0.11333068359382575,0.01708524339614575
Tlingit,4.993,all,45,0.08341437500789632,0.012434680854554382
Tlingit,4.995,all,46,0.07056897321046962,0.010404827453994172
Tlingit,4.998,all,47,0.04469897088298564,0.006520015007811337
Tlingit,4.999,all,48,0.03162277660168379,0.004564354645876384
Tlingit,4.999,all,49,0.03162277660168379,0.004517539514526256
Tlingit,5,all,50,0,0
Tlingit,5,all,51,0,0
Tsimshian,2.108,all,1,1.0823620039097397,1.0823620039097397
Tsimshian,2.835,all,2,0.9668038631023925,0.6836335676770523
Tsimshian,3.202,all,3,0.8921838330702883,0.5151025761897631
Tsimshian,3.465,all,4,0.8327475418567553,0.41637377092837763
Tsimshian,3.658,all,5,0.7782298128712635,0.34803495273941715
Tsimshian,3.814,all,6,0.7042016045848659,0.28748910121368076
Tsimshian,3.929,all,7,0.6545130918380375,0.24738269583420378
Tsimshian,4.003,all,8,0.6126714995545055,0.21661208598736081
Tsimshian,4.065,all,9,0.5823350531387529,0.1941116843795843
Tsimshian,4.133,all,10,0.5528260274413792,0.17481893965375048
Tsimshian,4.197,all,11,0.5024375020273103,0.15149060680254717
Tsimshian,4.247,all,12,0.49420161395450263,0.1426637174252898
Tsimshian,4.289,all,13,0.489610782886487,0.1357935986705612
Tsimshian,4.332,all,14,0.4899142945618305,0.13093510279524412
Tsimshian,4.36,all,15,0.48850653899271257,0.12613184600214666
Tsimshian,4.382,all,16,0.48817447118250085,0.12204361779562521
Tsimshian,4.413,all,17,0.4946470212946558,0.11996952448205965
Tsimshian,4.44,all,18,0.49663532561291557,0.11705806883922723
Tsimshian,4.473,all,19,0.4995202903992194,0.11459781400517303
Tsimshian,4.496,all,20,0.5002341793942455,0.11185576297943575
Tsimshian,4.514,all,21,0.5000540511325291,0.10912074004210157
Tsimshian,4.548,all,22,0.4979396991041626,0.10616110055090457
Tsimshian,4.578,all,23,0.49412565219806204,0.10303232083864883
Tsimshian,4.616,all,24,0.48660125439704816,0.09932706512258312
Tsimshian,4.637,all,25,0.4811054587743341,0.09622109175486682
Tsimshian,4.663,all,26,0.4729214043101186,0.092747518037423
Tsimshian,4.68,all,27,0.46670956473787617,0.0898182976115953
Tsimshian,4.707,all,28,0.45536618051668964,0.08605611922260761
Tsimshian,4.726,all,29,0.44623214039681536,0.08286322821645632
Tsimshian,4.744,all,30,0.43664018900538076,0.07971922701052209
Tsimshian,4.767,all,31,0.42295376802895357,0.0759647392502027
Tsimshian,4.792,all,32,0.4060799193519681,0.07178546616936574
Tsimshian,4.813,all,33,0.3901066305296325,0.0679088478153739
Tsimshian,4.835,all,34,0.37136627864268035,0.06368879135685837
Tsimshian,4.874,all,35,0.3320154126456093,0.05612084772657616
Tsimshian,4.902,all,36,0.29746341705239066,0.04957723617539844
Tsimshian,4.93,all,37,0.25527468571161765,0.04196689981568331
Tsimshian,4.953,all,38,0.21174474216810163,0.03434953299147635
Tsimshian,4.965,all,39,0.18387171834952978,0.029443038796279165
Tsimshian,4.977,all,40,0.1499783100768024,0.023713652973283917
Tsimshian,5,all,41,0,0
Tutchone,2.38,all,1,0.8320410400288512,0.8320410400288512
Tutchone,3.035,all,2,0.7889216674660403,0.5578518608902355
Tutchone,3.405,all,3,0.7794758383571505,0.4500305851023101
Tutchone,3.71,all,4,0.7539684797579196,0.3769842398789598
Tutchone,3.911,all,5,0.7318569632206928,0.3272963839136065
Tutchone,4.09,all,6,0.7088035005573847,0.2893678173773541
Tutchone,4.253,all,7,0.6793029165640705,0.2567523688727699
Tutchone,4.393,all,8,0.6316248490599067,0.22331310696809475
Tutchone,4.515,all,9,0.591713718892105,0.19723790629736834
Tutchone,4.613,all,10,0.5472938246778695,0.17306950353269362
Tutchone,4.697,all,11,0.5034326612809745,0.15179065860718846
Tutchone,4.769,all,12,0.4425322980696831,0.12774807070781763
Tutchone,4.831,all,13,0.38805874502398424,0.1076281310058601
Tutchone,4.879,all,14,0.33833928751103304,0.09042497816796351
Tutchone,4.927,all,15,0.2602666685127751,0.06720056484819094
Tutchone,4.96,all,16,0.19605723255834873,0.04901430813958718
Tutchone,4.987,all,17,0.11333068359382575,0.027486728181223417
Tutchone,5,all,18,0,0
Tutchone,5,all,19,0,0
Wampanoag,2.131,all,1,1.1468017065535585,1.1468017065535585
Wampanoag,2.997,all,2,0.9601629616439664,0.6789377412226075
Wampanoag,3.358,all,3,0.8285665468280279,0.4783731188526806
Wampanoag,3.6,all,4,0.7632709758549597,0.38163548792747987
Wampanoag,3.801,all,5,0.676651207681518,0.3026076194866404
Wampanoag,3.945,all,6,0.6002793810679619,0.24506303112170122
Wampanoag,4.049,all,7,0.5664979434383852,0.21411609665250028
Wampanoag,4.139,all,8,0.5214891666669126,0.18437426303274776
Wampanoag,4.212,all,9,0.509230120196474,0.16974337339882464
Wampanoag,4.251,all,10,0.5022462058107072,0.15882419565395295
Wampanoag,4.294,all,11,0.4937689822252992,0.14887694974154383
Wampanoag,4.336,all,12,0.4953275172543409,0.14298873771191137
Wampanoag,4.368,all,13,0.4988234405326446,0.13834873017260094
Wampanoag,4.396,all,14,0.4974247997752338,0.13294236974596801
Wampanoag,4.441,all,15,0.4987662456178924,0.12878089086189967
Wampanoag,4.476,all,16,0.4996735671152454,0.12491839177881135
Wampanoag,4.517,all,17,0.49996095943679536,0.12125834379076787
Wampanoag,4.548,all,18,0.4979396991041626,0.11736551261951414
Wampanoag,4.568,all,19,0.49560228169533443,0.11369896116306002
Wampanoag,4.596,all,20,0.4909429956981004,0.10977819114583393
Wampanoag,4.633,all,21,0.48222768848702946,0.10523070879501893
Wampanoag,4.661,all,22,0.47360669685225454,0.10097328703971509
Wampanoag,4.685,all,23,0.4647483092933109,0.09690672139631089
Wampanoag,4.724,all,24,0.44724045436881493,0.09129257546117503
Wampanoag,4.751,all,25,0.43265018916693676,0.08653003783338735
Wampanoag,4.776,all,26,0.41713067256915787,0.08180605535185456
Wampanoag,4.804,all,27,0.39716714584887525,0.0764348528563745
Wampanoag,4.84,all,28,0.366789496216201,0.06931669932133817
Wampanoag,4.865,all,29,0.34189456253630574,0.0634882264110745
Wampanoag,4.89,all,30,0.31304631925323445,0.0571541768663201
Wampanoag,4.912,all,31,0.28343665312788385,0.050906725690491816
Wampanoag,4.939,all,32,0.239450070654273,0.04232919217880859
Wampanoag,4.958,all,33,0.20068950215762726,0.03493555811051572
Wampanoag,4.984,all,34,0.12553788177183714,0.02152956910565762
Wampanoag,5,all,35,0,0
Yupik,2.055,all,1,1.0014878820924284,1.0014878820924284
Yupik,2.681,all,2,0.8269963258219004,0.5847747100050252
Yupik,2.991,all,3,0.7972167550638625,0.46027330813860096
Yupik,3.226,all,4,0.7385590494127531,0.36927952470637654
Yupik,3.389,all,5,0.6900399663462654,0.3085952543883833
Yupik,3.507,all,6,0.6405945374114279,0.2615216247787046
Yupik,3.619,all,7,0.5780771342763639,0.21849261941545015
Yupik,3.723,all,8,0.49851732118304526,0.1762524891737417
Yupik,3.791,all,9,0.43990057116638587,0.14663352372212862
Yupik,3.838,all,10,0.38197107469270747,0.12078985963312562
Yupik,3.874,all,11,0.3379914765763158,0.10190826455834867
Yupik,3.913,all,12,0.28550396234117753,0.08241789475619182
Yupik,3.936,all,13,0.24487540497968344,0.06791621759648143
Yupik,3.954,all,14,0.20958990416508122,0.05601525807946561
Yupik,3.969,all,15,0.17340435135563662,0.04477281099735201
Yupik,3.973,all,16,0.162164414398774,0.0405411035996935
Yupik,3.979,all,17,0.14345584540052586,0.034793153129332094
Yupik,3.988,all,18,0.10893974420691407,0.025677343956478953
Yupik,3.992,all,19,0.08912880535463237,0.02044755028943944
Yupik,3.994,all,20,0.07726558075864033,0.017277109089731953
Yupik,3.998,all,21,0.04469897088298564,0.00975411512180518
Yupik,3.998,all,22,0.04469897088298564,0.009529852612611111
Yupik,3.999,all,23,0.03162277660168379,0.00659380473395787
Yupik,3.999,all,24,0.03162277660168379,0.006454972243679028
Yupik,4,all,25,0,0
Yupik,4,all,26,0,0
Yupik,4,all,27,0,0
Yupik,4,all,28,0,0
Yupik,4,all,29,0,0
Yupik,4,all,30,0,0
Yupik,4,all,31,0,0
Yupik,4,all,32,0,0
Yupik,4,all,33,0,0
Yupik,4,all,34,0,0
Yupik,4,all,35,0,0
Yupik,4,all,36,0,0
Yupik,4,all,37,0,0
Yupik,4,all,38,0,0
global,2.11,all,1,1.1710129253220356,1.1710129253220356
global,3.176,all,2,1.0918865399922357,0.7720803767148262
global,3.679,all,3,0.985357767478356,0.5688965723017175
global,4.027,all,4,0.8677695685053861,0.43388478425269306
global,4.224,all,5,0.7889527529874311,0.35283039734309923
global,4.371,all,6,0.6912574316684319,0.28220466474907796
global,4.472,all,7,0.6209682774519175,0.2347039477425616
global,4.555,all,8,0.5632870425389637,0.19915204376690823
global,4.626,all,9,0.5257379579223859,0.17524598597412863
global,4.674,all,10,0.48369200733313544,0.1529568429191574
global,4.723,all,11,0.44997052511633856,0.1356712180481896
global,4.761,all,12,0.4290257137550884,0.12384905566288582
global,4.788,all,13,0.40892936214366316,0.11341659871167387
global,4.82,all,14,0.38437969216355294,0.10272979389354654
global,4.852,all,15,0.3552776691859794,0.09173229973577908
global,4.872,all,16,0.3342569785774528,0.0835642446443632
global,4.895,all,17,0.3067068128833611,0.07438732856556761
global,4.919,all,18,0.27297163499805893,0.0643400313929022
global,4.939,all,19,0.239450070654273,0.0549336136845079
global,4.95,all,20,0.21805400144814482,0.04875835700038894
global,4.959,all,21,0.19838941090279583,0.04329211869236949
global,4.97,all,22,0.17067257872642908,0.03638751604673399
global,4.974,all,23,0.15921478998305827,0.03319857864253761
global,4.979,all,24,0.14345584540052586,0.029282801820906458
global,4.985,all,25,0.12161327966052798,0.024322655932105596
global,4.988,all,26,0.10893974420691407,0.021364841596802363
global,4.991,all,27,0.09448771310560929,0.018184168865545216
global,4.993,all,28,0.08341437500789632,0.015763835145626792
global,4.995,all,29,0.07056897321046962,0.01310432934512547
global,4.999,all,30,0.03162277660168379,0.005773502691896257
global,5,all,31,0,0
global,5,all,32,0,0
global,5,all,33,0,0
global,5,all,34,0,0
global,5,all,35,0,0
global,5,all,36,0,0
global,5,all,37,0,0
global,5,all,38,0,0
global,5,all,39,0,0
global,5,all,40,0,0
