latin_name,calcium,zinc,iron,epa,dha,culture
Boreogadus saida,31.6,0.435,0.425,0.1325,0.2645,Inuit-Inupiaq
Boreogadus saida,31.6,0.435,0.425,0.1325,0.2645,Yupik
Boreogadus saida,31.6,0.435,0.425,0.1325,0.2645,Bella Coola
Boreogadus saida,31.6,0.435,0.425,0.1325,0.2645,Central Salish
Boreogadus saida,31.6,0.435,0.425,0.1325,0.2645,Tsimshian
Boreogadus saida,31.6,0.435,0.425,0.1325,0.2645,Haida
Boreogadus saida,31.6,0.435,0.425,0.1325,0.2645,Tlingit
Boreogadus saida,31.6,0.435,0.425,0.1325,0.2645,Kwakiutl
Boreogadus saida,31.6,0.435,0.425,0.1325,0.2645,Nootkan
Boreogadus saida,31.6,0.435,0.425,0.1325,0.2645,Cree
Boreogadus saida,31.6,0.435,0.425,0.1325,0.2645,Montagnais-Naskapi
Boreogadus saida,31.6,0.435,0.425,0.1325,0.2645,Abenaki
Boreogadus saida,31.6,0.435,0.425,0.1325,0.2645,Micmac
Boreogadus saida,31.6,0.435,0.425,0.1325,0.2645,Wampanoag
Callinectes sapidus,87.5,1345.5633333333333,1.4966666666666666,0.2,0.2,Yupik
Callinectes sapidus,87.5,1345.5633333333333,1.4966666666666666,0.2,0.2,Bella Coola
Callinectes sapidus,87.5,1345.5633333333333,1.4966666666666666,0.2,0.2,Tsimshian
Callinectes sapidus,87.5,1345.5633333333333,1.4966666666666666,0.2,0.2,Tlingit
Callinectes sapidus,87.5,1345.5633333333333,1.4966666666666666,0.2,0.2,Heiltsuk
Callinectes sapidus,87.5,1345.5633333333333,1.4966666666666666,0.2,0.2,Kwakiutl
Callinectes sapidus,87.5,1345.5633333333333,1.4966666666666666,0.2,0.2,Nootkan
Callinectes sapidus,87.5,1345.5633333333333,1.4966666666666666,0.2,0.2,Micmac
Callinectes sapidus,87.5,1345.5633333333333,1.4966666666666666,0.2,0.2,Wampanoag
Cancer magister,52,3.23,0.365,0.2,0.1,Yupik
Cancer magister,52,3.23,0.365,0.2,0.1,Bella Coola
Cancer magister,52,3.23,0.365,0.2,0.1,Tsimshian
Cancer magister,52,3.23,0.365,0.2,0.1,Tlingit
Cancer magister,52,3.23,0.365,0.2,0.1,Heiltsuk
Cancer magister,52,3.23,0.365,0.2,0.1,Kwakiutl
Cancer magister,52,3.23,0.365,0.2,0.1,Nootkan
Cancer magister,52,3.23,0.365,0.2,0.1,Micmac
Cancer magister,52,3.23,0.365,0.2,0.1,Wampanoag
Catostomus catostomus,63.1,0.5,0.3,0.075,0.212,Inuit-Inupiaq
Catostomus catostomus,63.1,0.5,0.3,0.075,0.212,Central Salish
Catostomus catostomus,63.1,0.5,0.3,0.075,0.212,Interior Salish
Catostomus catostomus,63.1,0.5,0.3,0.075,0.212,Tlingit
Catostomus catostomus,63.1,0.5,0.3,0.075,0.212,Cree
Catostomus catostomus,63.1,0.5,0.3,0.075,0.212,Montagnais-Naskapi
Catostomus catostomus,63.1,0.5,0.3,0.075,0.212,Ojibwa-Algonquin
Catostomus catostomus,63.1,0.5,0.3,0.075,0.212,Ahtna
Catostomus catostomus,63.1,0.5,0.3,0.075,0.212,Chilcotin
Catostomus catostomus,63.1,0.5,0.3,0.075,0.212,Chipewyan
Catostomus catostomus,63.1,0.5,0.3,0.075,0.212,Dogrib
Catostomus catostomus,63.1,0.5,0.3,0.075,0.212,Gwich'in
Catostomus catostomus,63.1,0.5,0.3,0.075,0.212,Han
Catostomus catostomus,63.1,0.5,0.3,0.075,0.212,Ingalik
Catostomus catostomus,63.1,0.5,0.3,0.075,0.212,Koyukon
Catostomus catostomus,63.1,0.5,0.3,0.075,0.212,Sekani
Catostomus catostomus,63.1,0.5,0.3,0.075,0.212,Slavey-Hare
Catostomus catostomus,63.1,0.5,0.3,0.075,0.212,Tahltan-Kaska-Tagish
Catostomus catostomus,63.1,0.5,0.3,0.075,0.212,Tanana
Catostomus catostomus,63.1,0.5,0.3,0.075,0.212,Tutchone
Catostomus catostomus,63.1,0.5,0.3,0.075,0.212,Metis
Catostomus catostomus,63.1,0.5,0.3,0.075,0.212,Micmac
Catostomus catostomus,63.1,0.5,0.3,0.075,0.212,Powhatan
Catostomus catostomus,63.1,0.5,0.3,0.075,0.212,Huron
Catostomus catostomus,63.1,0.5,0.3,0.075,0.212,Onondaga
Catostomus commersonii,19.6,0.3,0.2,0.083,0.179,Inuit-Inupiaq
Catostomus commersonii,19.6,0.3,0.2,0.083,0.179,Central Salish
Catostomus commersonii,19.6,0.3,0.2,0.083,0.179,Interior Salish
Catostomus commersonii,19.6,0.3,0.2,0.083,0.179,Tlingit
Catostomus commersonii,19.6,0.3,0.2,0.083,0.179,Cree
Catostomus commersonii,19.6,0.3,0.2,0.083,0.179,Montagnais-Naskapi
Catostomus commersonii,19.6,0.3,0.2,0.083,0.179,Ojibwa-Algonquin
Catostomus commersonii,19.6,0.3,0.2,0.083,0.179,Ahtna
Catostomus commersonii,19.6,0.3,0.2,0.083,0.179,Chilcotin
Catostomus commersonii,19.6,0.3,0.2,0.083,0.179,Chipewyan
Catostomus commersonii,19.6,0.3,0.2,0.083,0.179,Dogrib
Catostomus commersonii,19.6,0.3,0.2,0.083,0.179,Gwich'in
Catostomus commersonii,19.6,0.3,0.2,0.083,0.179,Han
Catostomus commersonii,19.6,0.3,0.2,0.083,0.179,Ingalik
Catostomus commersonii,19.6,0.3,0.2,0.083,0.179,Koyukon
Catostomus commersonii,19.6,0.3,0.2,0.083,0.179,Sekani
Catostomus commersonii,19.6,0.3,0.2,0.083,0.179,Slavey-Hare
Catostomus commersonii,19.6,0.3,0.2,0.083,0.179,Tahltan-Kaska-Tagish
Catostomus commersonii,19.6,0.3,0.2,0.083,0.179,Tanana
Catostomus commersonii,19.6,0.3,0.2,0.083,0.179,Tutchone
Catostomus commersonii,19.6,0.3,0.2,0.083,0.179,Metis
Catostomus commersonii,19.6,0.3,0.2,0.083,0.179,Micmac
Catostomus commersonii,19.6,0.3,0.2,0.083,0.179,Powhatan
Catostomus commersonii,19.6,0.3,0.2,0.083,0.179,Huron
Catostomus commersonii,19.6,0.3,0.2,0.083,0.179,Onondaga
Centropristes striata,25.7,0.2415,0.136,0.1,0.3,Inuit-Inupiaq
Centropristes striata,25.7,0.2415,0.136,0.1,0.3,Yupik
Centropristes striata,25.7,0.2415,0.136,0.1,0.3,Bella Coola
Centropristes striata,25.7,0.2415,0.136,0.1,0.3,Central Salish
Centropristes striata,25.7,0.2415,0.136,0.1,0.3,Tsimshian
Centropristes striata,25.7,0.2415,0.136,0.1,0.3,Haida
Centropristes striata,25.7,0.2415,0.136,0.1,0.3,Tlingit
Centropristes striata,25.7,0.2415,0.136,0.1,0.3,Kwakiutl
Centropristes striata,25.7,0.2415,0.136,0.1,0.3,Nootkan
Centropristes striata,25.7,0.2415,0.136,0.1,0.3,Micmac
Centropristes striata,25.7,0.2415,0.136,0.1,0.3,Powhatan
Centropristes striata,25.7,0.2415,0.136,0.1,0.3,Wampanoag
Clupea harengus,20,0.701,1,0.7,0.9,Aleut
Clupea harengus,20,0.701,1,0.7,0.9,Inuit-Inupiaq
Clupea harengus,20,0.701,1,0.7,0.9,Yupik
Clupea harengus,20,0.701,1,0.7,0.9,Eyak
Clupea harengus,20,0.701,1,0.7,0.9,Bella Coola
Clupea harengus,20,0.701,1,0.7,0.9,Central Salish
Clupea harengus,20,0.701,1,0.7,0.9,Tsimshian
Clupea harengus,20,0.701,1,0.7,0.9,Coosan
Clupea harengus,20,0.701,1,0.7,0.9,Haida
Clupea harengus,20,0.701,1,0.7,0.9,Siuslaw
Clupea harengus,20,0.701,1,0.7,0.9,Tlingit
Clupea harengus,20,0.701,1,0.7,0.9,Heiltsuk
Clupea harengus,20,0.701,1,0.7,0.9,Kwakiutl
Clupea harengus,20,0.701,1,0.7,0.9,Nootkan
Clupea harengus,20,0.701,1,0.7,0.9,Gwich'in
Clupea harengus,20,0.701,1,0.7,0.9,Slavey-Hare
Clupea harengus,20,0.701,1,0.7,0.9,Tahltan-Kaska-Tagish
Clupea harengus,20,0.701,1,0.7,0.9,Abenaki
Clupea harengus,20,0.701,1,0.7,0.9,Micmac
Clupea harengus,20,0.701,1,0.7,0.9,Ojibwa-Algonquin
Clupea harengus,20,0.701,1,0.7,0.9,Powhatan
Coregonus autumnalis,23.733333333333334,0.6333333333333334,0.8200000000000001,0.3,0.3,Inuit-Inupiaq
Coregonus autumnalis,23.733333333333334,0.6333333333333334,0.8200000000000001,0.3,0.3,Yupik
Coregonus autumnalis,23.733333333333334,0.6333333333333334,0.8200000000000001,0.3,0.3,Eyak
Coregonus autumnalis,23.733333333333334,0.6333333333333334,0.8200000000000001,0.3,0.3,Central Salish
Coregonus autumnalis,23.733333333333334,0.6333333333333334,0.8200000000000001,0.3,0.3,Interior Salish
Coregonus autumnalis,23.733333333333334,0.6333333333333334,0.8200000000000001,0.3,0.3,Nass-Gitksan
Coregonus autumnalis,23.733333333333334,0.6333333333333334,0.8200000000000001,0.3,0.3,Tlingit
Coregonus autumnalis,23.733333333333334,0.6333333333333334,0.8200000000000001,0.3,0.3,Cree
Coregonus autumnalis,23.733333333333334,0.6333333333333334,0.8200000000000001,0.3,0.3,Montagnais-Naskapi
Coregonus autumnalis,23.733333333333334,0.6333333333333334,0.8200000000000001,0.3,0.3,Ojibwa-Algonquin
Coregonus autumnalis,23.733333333333334,0.6333333333333334,0.8200000000000001,0.3,0.3,Ahtna
Coregonus autumnalis,23.733333333333334,0.6333333333333334,0.8200000000000001,0.3,0.3,Carrier
Coregonus autumnalis,23.733333333333334,0.6333333333333334,0.8200000000000001,0.3,0.3,Chilcotin
Coregonus autumnalis,23.733333333333334,0.6333333333333334,0.8200000000000001,0.3,0.3,Chipewyan
Coregonus autumnalis,23.733333333333334,0.6333333333333334,0.8200000000000001,0.3,0.3,Dogrib
Coregonus autumnalis,23.733333333333334,0.6333333333333334,0.8200000000000001,0.3,0.3,Gwich'in
Coregonus autumnalis,23.733333333333334,0.6333333333333334,0.8200000000000001,0.3,0.3,Han
Coregonus autumnalis,23.733333333333334,0.6333333333333334,0.8200000000000001,0.3,0.3,Ingalik
Coregonus autumnalis,23.733333333333334,0.6333333333333334,0.8200000000000001,0.3,0.3,Kolchan
Coregonus autumnalis,23.733333333333334,0.6333333333333334,0.8200000000000001,0.3,0.3,Koyukon
Coregonus autumnalis,23.733333333333334,0.6333333333333334,0.8200000000000001,0.3,0.3,Sekani
Coregonus autumnalis,23.733333333333334,0.6333333333333334,0.8200000000000001,0.3,0.3,Slavey-Hare
Coregonus autumnalis,23.733333333333334,0.6333333333333334,0.8200000000000001,0.3,0.3,Tahltan-Kaska-Tagish
Coregonus autumnalis,23.733333333333334,0.6333333333333334,0.8200000000000001,0.3,0.3,Tanana
Coregonus autumnalis,23.733333333333334,0.6333333333333334,0.8200000000000001,0.3,0.3,Tutchone
Coregonus autumnalis,23.733333333333334,0.6333333333333334,0.8200000000000001,0.3,0.3,Metis
Coregonus autumnalis,23.733333333333334,0.6333333333333334,0.8200000000000001,0.3,0.3,Beothuk
Coregonus autumnalis,23.733333333333334,0.6333333333333334,0.8200000000000001,0.3,0.3,Micmac
Coregonus autumnalis,23.733333333333334,0.6333333333333334,0.8200000000000001,0.3,0.3,Huron
Coregonus clupeaformis,19.98181818181818,0.9600000000000001,0.5854545454545454,0.15409090909090908,0.341,Inuit-Inupiaq
Coregonus clupeaformis,19.98181818181818,0.9600000000000001,0.5854545454545454,0.15409090909090908,0.341,Yupik
Coregonus clupeaformis,19.98181818181818,0.9600000000000001,0.5854545454545454,0.15409090909090908,0.341,Eyak
Coregonus clupeaformis,19.98181818181818,0.9600000000000001,0.5854545454545454,0.15409090909090908,0.341,Central Salish
Coregonus clupeaformis,19.98181818181818,0.9600000000000001,0.5854545454545454,0.15409090909090908,0.341,Interior Salish
Coregonus clupeaformis,19.98181818181818,0.9600000000000001,0.5854545454545454,0.15409090909090908,0.341,Nass-Gitksan
Coregonus clupeaformis,19.98181818181818,0.9600000000000001,0.5854545454545454,0.15409090909090908,0.341,Tlingit
Coregonus clupeaformis,19.98181818181818,0.9600000000000001,0.5854545454545454,0.15409090909090908,0.341,Cree
Coregonus clupeaformis,19.98181818181818,0.9600000000000001,0.5854545454545454,0.15409090909090908,0.341,Montagnais-Naskapi
Coregonus clupeaformis,19.98181818181818,0.9600000000000001,0.5854545454545454,0.15409090909090908,0.341,Ojibwa-Algonquin
Coregonus clupeaformis,19.98181818181818,0.9600000000000001,0.5854545454545454,0.15409090909090908,0.341,Ahtna
Coregonus clupeaformis,19.98181818181818,0.9600000000000001,0.5854545454545454,0.15409090909090908,0.341,Carrier
Coregonus clupeaformis,19.98181818181818,0.9600000000000001,0.5854545454545454,0.15409090909090908,0.341,Chilcotin
Coregonus clupeaformis,19.98181818181818,0.9600000000000001,0.5854545454545454,0.15409090909090908,0.341,Chipewyan
Coregonus clupeaformis,19.98181818181818,0.9600000000000001,0.5854545454545454,0.15409090909090908,0.341,Dogrib
Coregonus clupeaformis,19.98181818181818,0.9600000000000001,0.5854545454545454,0.15409090909090908,0.341,Gwich'in
Coregonus clupeaformis,19.98181818181818,0.9600000000000001,0.5854545454545454,0.15409090909090908,0.341,Han
Coregonus clupeaformis,19.98181818181818,0.9600000000000001,0.5854545454545454,0.15409090909090908,0.341,Ingalik
Coregonus clupeaformis,19.98181818181818,0.9600000000000001,0.5854545454545454,0.15409090909090908,0.341,Kolchan
Coregonus clupeaformis,19.98181818181818,0.9600000000000001,0.5854545454545454,0.15409090909090908,0.341,Koyukon
Coregonus clupeaformis,19.98181818181818,0.9600000000000001,0.5854545454545454,0.15409090909090908,0.341,Sekani
Coregonus clupeaformis,19.98181818181818,0.9600000000000001,0.5854545454545454,0.15409090909090908,0.341,Slavey-Hare
Coregonus clupeaformis,19.98181818181818,0.9600000000000001,0.5854545454545454,0.15409090909090908,0.341,Tahltan-Kaska-Tagish
Coregonus clupeaformis,19.98181818181818,0.9600000000000001,0.5854545454545454,0.15409090909090908,0.341,Tanana
Coregonus clupeaformis,19.98181818181818,0.9600000000000001,0.5854545454545454,0.15409090909090908,0.341,Tutchone
Coregonus clupeaformis,19.98181818181818,0.9600000000000001,0.5854545454545454,0.15409090909090908,0.341,Metis
Coregonus clupeaformis,19.98181818181818,0.9600000000000001,0.5854545454545454,0.15409090909090908,0.341,Beothuk
Coregonus clupeaformis,19.98181818181818,0.9600000000000001,0.5854545454545454,0.15409090909090908,0.341,Micmac
Coregonus clupeaformis,19.98181818181818,0.9600000000000001,0.5854545454545454,0.15409090909090908,0.341,Huron
Cyclopterus lumpus,8.65,0.8865000000000001,0.405,1.6074633333333335,1.6662066666666666,Inuit-Inupiaq
Cyclopterus lumpus,8.65,0.8865000000000001,0.405,1.6074633333333335,1.6662066666666666,Yupik
Cyclopterus lumpus,8.65,0.8865000000000001,0.405,1.6074633333333335,1.6662066666666666,Bella Coola
Cyclopterus lumpus,8.65,0.8865000000000001,0.405,1.6074633333333335,1.6662066666666666,Central Salish
Cyclopterus lumpus,8.65,0.8865000000000001,0.405,1.6074633333333335,1.6662066666666666,Tsimshian
Cyclopterus lumpus,8.65,0.8865000000000001,0.405,1.6074633333333335,1.6662066666666666,Haida
Cyclopterus lumpus,8.65,0.8865000000000001,0.405,1.6074633333333335,1.6662066666666666,Tlingit
Cyclopterus lumpus,8.65,0.8865000000000001,0.405,1.6074633333333335,1.6662066666666666,Kwakiutl
Cyclopterus lumpus,8.65,0.8865000000000001,0.405,1.6074633333333335,1.6662066666666666,Nootkan
Cyclopterus lumpus,8.65,0.8865000000000001,0.405,1.6074633333333335,1.6662066666666666,Micmac
Cyclopterus lumpus,8.65,0.8865000000000001,0.405,1.6074633333333335,1.6662066666666666,Powhatan
Cyclopterus lumpus,8.65,0.8865000000000001,0.405,1.6074633333333335,1.6662066666666666,Wampanoag
Cyprinus carpio,42.24166666666667,2.2886890666666666,0.8466666666666667,0.13039518333333333,0.0943216,Central Salish
Cyprinus carpio,42.24166666666667,2.2886890666666666,0.8466666666666667,0.13039518333333333,0.0943216,Interior Salish
Cyprinus carpio,42.24166666666667,2.2886890666666666,0.8466666666666667,0.13039518333333333,0.0943216,Nootkan
Cyprinus carpio,42.24166666666667,2.2886890666666666,0.8466666666666667,0.13039518333333333,0.0943216,Slavey-Hare
Cyprinus carpio,42.24166666666667,2.2886890666666666,0.8466666666666667,0.13039518333333333,0.0943216,Powhatan
Cyprinus carpio,42.24166666666667,2.2886890666666666,0.8466666666666667,0.13039518333333333,0.0943216,Onondaga
Engraulidae,1150,0.88,1.53,0.5,0.9,Nootkan
Esox lucius,70.46876923076923,1.3658244017094017,0.8490533333333333,0.058505786000000004,0.1733717142857143,Inuit-Inupiaq
Esox lucius,70.46876923076923,1.3658244017094017,0.8490533333333333,0.058505786000000004,0.1733717142857143,Yupik
Esox lucius,70.46876923076923,1.3658244017094017,0.8490533333333333,0.058505786000000004,0.1733717142857143,Tlingit
Esox lucius,70.46876923076923,1.3658244017094017,0.8490533333333333,0.058505786000000004,0.1733717142857143,Cree
Esox lucius,70.46876923076923,1.3658244017094017,0.8490533333333333,0.058505786000000004,0.1733717142857143,Montagnais-Naskapi
Esox lucius,70.46876923076923,1.3658244017094017,0.8490533333333333,0.058505786000000004,0.1733717142857143,Ojibwa-Algonquin
Esox lucius,70.46876923076923,1.3658244017094017,0.8490533333333333,0.058505786000000004,0.1733717142857143,Chipewyan
Esox lucius,70.46876923076923,1.3658244017094017,0.8490533333333333,0.058505786000000004,0.1733717142857143,Dogrib
Esox lucius,70.46876923076923,1.3658244017094017,0.8490533333333333,0.058505786000000004,0.1733717142857143,Gwich'in
Esox lucius,70.46876923076923,1.3658244017094017,0.8490533333333333,0.058505786000000004,0.1733717142857143,Han
Esox lucius,70.46876923076923,1.3658244017094017,0.8490533333333333,0.058505786000000004,0.1733717142857143,Ingalik
Esox lucius,70.46876923076923,1.3658244017094017,0.8490533333333333,0.058505786000000004,0.1733717142857143,Koyukon
Esox lucius,70.46876923076923,1.3658244017094017,0.8490533333333333,0.058505786000000004,0.1733717142857143,Slavey-Hare
Esox lucius,70.46876923076923,1.3658244017094017,0.8490533333333333,0.058505786000000004,0.1733717142857143,Tahltan-Kaska-Tagish
Esox lucius,70.46876923076923,1.3658244017094017,0.8490533333333333,0.058505786000000004,0.1733717142857143,Tanaina
Esox lucius,70.46876923076923,1.3658244017094017,0.8490533333333333,0.058505786000000004,0.1733717142857143,Tanana
Esox lucius,70.46876923076923,1.3658244017094017,0.8490533333333333,0.058505786000000004,0.1733717142857143,Tutchone
Esox lucius,70.46876923076923,1.3658244017094017,0.8490533333333333,0.058505786000000004,0.1733717142857143,Metis
Esox lucius,70.46876923076923,1.3658244017094017,0.8490533333333333,0.058505786000000004,0.1733717142857143,Huron
Gadiformes,29,0.71,0.364,0.1,0.2,Inuit-Inupiaq
Gadiformes,29,0.71,0.364,0.1,0.2,Yupik
Gadiformes,29,0.71,0.364,0.1,0.2,Bella Coola
Gadiformes,29,0.71,0.364,0.1,0.2,Central Salish
Gadiformes,29,0.71,0.364,0.1,0.2,Tsimshian
Gadiformes,29,0.71,0.364,0.1,0.2,Haida
Gadiformes,29,0.71,0.364,0.1,0.2,Tlingit
Gadiformes,29,0.71,0.364,0.1,0.2,Kwakiutl
Gadiformes,29,0.71,0.364,0.1,0.2,Nootkan
Gadiformes,29,0.71,0.364,0.1,0.2,Cree
Gadiformes,29,0.71,0.364,0.1,0.2,Montagnais-Naskapi
Gadiformes,29,0.71,0.364,0.1,0.2,Abenaki
Gadiformes,29,0.71,0.364,0.1,0.2,Micmac
Gadiformes,29,0.71,0.364,0.1,0.2,Wampanoag
Gadus macrocephalus,11.8,0.38393333333333335,0.18,0.0697866,0.129374,Inuit-Inupiaq
Gadus macrocephalus,11.8,0.38393333333333335,0.18,0.0697866,0.129374,Yupik
Gadus macrocephalus,11.8,0.38393333333333335,0.18,0.0697866,0.129374,Bella Coola
Gadus macrocephalus,11.8,0.38393333333333335,0.18,0.0697866,0.129374,Central Salish
Gadus macrocephalus,11.8,0.38393333333333335,0.18,0.0697866,0.129374,Tsimshian
Gadus macrocephalus,11.8,0.38393333333333335,0.18,0.0697866,0.129374,Haida
Gadus macrocephalus,11.8,0.38393333333333335,0.18,0.0697866,0.129374,Tlingit
Gadus macrocephalus,11.8,0.38393333333333335,0.18,0.0697866,0.129374,Kwakiutl
Gadus macrocephalus,11.8,0.38393333333333335,0.18,0.0697866,0.129374,Nootkan
Gadus macrocephalus,11.8,0.38393333333333335,0.18,0.0697866,0.129374,Cree
Gadus macrocephalus,11.8,0.38393333333333335,0.18,0.0697866,0.129374,Montagnais-Naskapi
Gadus macrocephalus,11.8,0.38393333333333335,0.18,0.0697866,0.129374,Abenaki
Gadus macrocephalus,11.8,0.38393333333333335,0.18,0.0697866,0.129374,Micmac
Gadus macrocephalus,11.8,0.38393333333333335,0.18,0.0697866,0.129374,Wampanoag
Gadus morhua,11.133333333333333,0.423,0.6633333333333333,0.06268877333333334,0.14199828,Inuit-Inupiaq
Gadus morhua,11.133333333333333,0.423,0.6633333333333333,0.06268877333333334,0.14199828,Yupik
Gadus morhua,11.133333333333333,0.423,0.6633333333333333,0.06268877333333334,0.14199828,Bella Coola
Gadus morhua,11.133333333333333,0.423,0.6633333333333333,0.06268877333333334,0.14199828,Central Salish
Gadus morhua,11.133333333333333,0.423,0.6633333333333333,0.06268877333333334,0.14199828,Tsimshian
Gadus morhua,11.133333333333333,0.423,0.6633333333333333,0.06268877333333334,0.14199828,Haida
Gadus morhua,11.133333333333333,0.423,0.6633333333333333,0.06268877333333334,0.14199828,Tlingit
Gadus morhua,11.133333333333333,0.423,0.6633333333333333,0.06268877333333334,0.14199828,Kwakiutl
Gadus morhua,11.133333333333333,0.423,0.6633333333333333,0.06268877333333334,0.14199828,Nootkan
Gadus morhua,11.133333333333333,0.423,0.6633333333333333,0.06268877333333334,0.14199828,Cree
Gadus morhua,11.133333333333333,0.423,0.6633333333333333,0.06268877333333334,0.14199828,Montagnais-Naskapi
Gadus morhua,11.133333333333333,0.423,0.6633333333333333,0.06268877333333334,0.14199828,Abenaki
Gadus morhua,11.133333333333333,0.423,0.6633333333333333,0.06268877333333334,0.14199828,Micmac
Gadus morhua,11.133333333333333,0.423,0.6633333333333333,0.06268877333333334,0.14199828,Wampanoag
Hippoglossus stenolepis,22,0.08,0.09,0.1,0.3,Aleut
Hippoglossus stenolepis,22,0.08,0.09,0.1,0.3,Inuit-Inupiaq
Hippoglossus stenolepis,22,0.08,0.09,0.1,0.3,Yupik
Hippoglossus stenolepis,22,0.08,0.09,0.1,0.3,Quileute
Hippoglossus stenolepis,22,0.08,0.09,0.1,0.3,Bella Coola
Hippoglossus stenolepis,22,0.08,0.09,0.1,0.3,Central Salish
Hippoglossus stenolepis,22,0.08,0.09,0.1,0.3,Nass-Gitksan
Hippoglossus stenolepis,22,0.08,0.09,0.1,0.3,Tsimshian
Hippoglossus stenolepis,22,0.08,0.09,0.1,0.3,Haida
Hippoglossus stenolepis,22,0.08,0.09,0.1,0.3,Tlingit
Hippoglossus stenolepis,22,0.08,0.09,0.1,0.3,Haisla
Hippoglossus stenolepis,22,0.08,0.09,0.1,0.3,Heiltsuk
Hippoglossus stenolepis,22,0.08,0.09,0.1,0.3,Kwakiutl
Hippoglossus stenolepis,22,0.08,0.09,0.1,0.3,Nootkan
Hippoglossus stenolepis,22,0.08,0.09,0.1,0.3,Abenaki
Hippoglossus stenolepis,22,0.08,0.09,0.1,0.3,Micmac
Hippoglossus stenolepis,22,0.08,0.09,0.1,0.3,Wampanoag
Lota lota,35.74363636363636,1.080966923076923,0.5679487179487179,0.7,0.4666666666666667,Inuit-Inupiaq
Lota lota,35.74363636363636,1.080966923076923,0.5679487179487179,0.7,0.4666666666666667,Interior Salish
Lota lota,35.74363636363636,1.080966923076923,0.5679487179487179,0.7,0.4666666666666667,Tlingit
Lota lota,35.74363636363636,1.080966923076923,0.5679487179487179,0.7,0.4666666666666667,Cree
Lota lota,35.74363636363636,1.080966923076923,0.5679487179487179,0.7,0.4666666666666667,Chipewyan
Lota lota,35.74363636363636,1.080966923076923,0.5679487179487179,0.7,0.4666666666666667,Dogrib
Lota lota,35.74363636363636,1.080966923076923,0.5679487179487179,0.7,0.4666666666666667,Gwich'in
Lota lota,35.74363636363636,1.080966923076923,0.5679487179487179,0.7,0.4666666666666667,Han
Lota lota,35.74363636363636,1.080966923076923,0.5679487179487179,0.7,0.4666666666666667,Ingalik
Lota lota,35.74363636363636,1.080966923076923,0.5679487179487179,0.7,0.4666666666666667,Slavey-Hare
Lota lota,35.74363636363636,1.080966923076923,0.5679487179487179,0.7,0.4666666666666667,Tahltan-Kaska-Tagish
Lota lota,35.74363636363636,1.080966923076923,0.5679487179487179,0.7,0.4666666666666667,Tutchone
Lota lota,35.74363636363636,1.080966923076923,0.5679487179487179,0.7,0.4666666666666667,Metis
Melanogrammus aeglefinus,14.2,0.456,0.2996666666666667,0.06341258333333334,0.10517183333333334,Inuit-Inupiaq
Melanogrammus aeglefinus,14.2,0.456,0.2996666666666667,0.06341258333333334,0.10517183333333334,Yupik
Melanogrammus aeglefinus,14.2,0.456,0.2996666666666667,0.06341258333333334,0.10517183333333334,Bella Coola
Melanogrammus aeglefinus,14.2,0.456,0.2996666666666667,0.06341258333333334,0.10517183333333334,Central Salish
Melanogrammus aeglefinus,14.2,0.456,0.2996666666666667,0.06341258333333334,0.10517183333333334,Tsimshian
Melanogrammus aeglefinus,14.2,0.456,0.2996666666666667,0.06341258333333334,0.10517183333333334,Haida
Melanogrammus aeglefinus,14.2,0.456,0.2996666666666667,0.06341258333333334,0.10517183333333334,Tlingit
Melanogrammus aeglefinus,14.2,0.456,0.2996666666666667,0.06341258333333334,0.10517183333333334,Kwakiutl
Melanogrammus aeglefinus,14.2,0.456,0.2996666666666667,0.06341258333333334,0.10517183333333334,Nootkan
Melanogrammus aeglefinus,14.2,0.456,0.2996666666666667,0.06341258333333334,0.10517183333333334,Cree
Melanogrammus aeglefinus,14.2,0.456,0.2996666666666667,0.06341258333333334,0.10517183333333334,Montagnais-Naskapi
Melanogrammus aeglefinus,14.2,0.456,0.2996666666666667,0.06341258333333334,0.10517183333333334,Abenaki
Melanogrammus aeglefinus,14.2,0.456,0.2996666666666667,0.06341258333333334,0.10517183333333334,Micmac
Melanogrammus aeglefinus,14.2,0.456,0.2996666666666667,0.06341258333333334,0.10517183333333334,Wampanoag
Merluccius productus,21.866666666666667,0.35105,0.25,0.11297826666666667,0.14587333333333333,Inuit-Inupiaq
Merluccius productus,21.866666666666667,0.35105,0.25,0.11297826666666667,0.14587333333333333,Yupik
Merluccius productus,21.866666666666667,0.35105,0.25,0.11297826666666667,0.14587333333333333,Bella Coola
Merluccius productus,21.866666666666667,0.35105,0.25,0.11297826666666667,0.14587333333333333,Central Salish
Merluccius productus,21.866666666666667,0.35105,0.25,0.11297826666666667,0.14587333333333333,Tsimshian
Merluccius productus,21.866666666666667,0.35105,0.25,0.11297826666666667,0.14587333333333333,Haida
Merluccius productus,21.866666666666667,0.35105,0.25,0.11297826666666667,0.14587333333333333,Tlingit
Merluccius productus,21.866666666666667,0.35105,0.25,0.11297826666666667,0.14587333333333333,Kwakiutl
Merluccius productus,21.866666666666667,0.35105,0.25,0.11297826666666667,0.14587333333333333,Nootkan
Merluccius productus,21.866666666666667,0.35105,0.25,0.11297826666666667,0.14587333333333333,Cree
Merluccius productus,21.866666666666667,0.35105,0.25,0.11297826666666667,0.14587333333333333,Montagnais-Naskapi
Merluccius productus,21.866666666666667,0.35105,0.25,0.11297826666666667,0.14587333333333333,Abenaki
Merluccius productus,21.866666666666667,0.35105,0.25,0.11297826666666667,0.14587333333333333,Micmac
Merluccius productus,21.866666666666667,0.35105,0.25,0.11297826666666667,0.14587333333333333,Wampanoag
Micropogonias undulatus,66.5,0.371,0.976,0.1,0.1,Inuit-Inupiaq
Micropogonias undulatus,66.5,0.371,0.976,0.1,0.1,Yupik
Micropogonias undulatus,66.5,0.371,0.976,0.1,0.1,Bella Coola
Micropogonias undulatus,66.5,0.371,0.976,0.1,0.1,Central Salish
Micropogonias undulatus,66.5,0.371,0.976,0.1,0.1,Tsimshian
Micropogonias undulatus,66.5,0.371,0.976,0.1,0.1,Haida
Micropogonias undulatus,66.5,0.371,0.976,0.1,0.1,Tlingit
Micropogonias undulatus,66.5,0.371,0.976,0.1,0.1,Kwakiutl
Micropogonias undulatus,66.5,0.371,0.976,0.1,0.1,Nootkan
Micropogonias undulatus,66.5,0.371,0.976,0.1,0.1,Micmac
Micropogonias undulatus,66.5,0.371,0.976,0.1,0.1,Powhatan
Micropogonias undulatus,66.5,0.371,0.976,0.1,0.1,Wampanoag
Microstomus pacificus,26.355555555555554,0.3887666666666667,0.21333333333333335,0.08,0.09,Aleut
Microstomus pacificus,26.355555555555554,0.3887666666666667,0.21333333333333335,0.08,0.09,Inuit-Inupiaq
Microstomus pacificus,26.355555555555554,0.3887666666666667,0.21333333333333335,0.08,0.09,Yupik
Microstomus pacificus,26.355555555555554,0.3887666666666667,0.21333333333333335,0.08,0.09,Quileute
Microstomus pacificus,26.355555555555554,0.3887666666666667,0.21333333333333335,0.08,0.09,Bella Coola
Microstomus pacificus,26.355555555555554,0.3887666666666667,0.21333333333333335,0.08,0.09,Central Salish
Microstomus pacificus,26.355555555555554,0.3887666666666667,0.21333333333333335,0.08,0.09,Nass-Gitksan
Microstomus pacificus,26.355555555555554,0.3887666666666667,0.21333333333333335,0.08,0.09,Tsimshian
Microstomus pacificus,26.355555555555554,0.3887666666666667,0.21333333333333335,0.08,0.09,Haida
Microstomus pacificus,26.355555555555554,0.3887666666666667,0.21333333333333335,0.08,0.09,Tlingit
Microstomus pacificus,26.355555555555554,0.3887666666666667,0.21333333333333335,0.08,0.09,Haisla
Microstomus pacificus,26.355555555555554,0.3887666666666667,0.21333333333333335,0.08,0.09,Heiltsuk
Microstomus pacificus,26.355555555555554,0.3887666666666667,0.21333333333333335,0.08,0.09,Kwakiutl
Microstomus pacificus,26.355555555555554,0.3887666666666667,0.21333333333333335,0.08,0.09,Nootkan
Microstomus pacificus,26.355555555555554,0.3887666666666667,0.21333333333333335,0.08,0.09,Abenaki
Microstomus pacificus,26.355555555555554,0.3887666666666667,0.21333333333333335,0.08,0.09,Micmac
Microstomus pacificus,26.355555555555554,0.3887666666666667,0.21333333333333335,0.08,0.09,Wampanoag
Mugil cephalus,58.62,1.5993333333333335,1.1,0.2330064888888889,0.20539184444444444,Inuit-Inupiaq
Mugil cephalus,58.62,1.5993333333333335,1.1,0.2330064888888889,0.20539184444444444,Yupik
Mugil cephalus,58.62,1.5993333333333335,1.1,0.2330064888888889,0.20539184444444444,Bella Coola
Mugil cephalus,58.62,1.5993333333333335,1.1,0.2330064888888889,0.20539184444444444,Central Salish
Mugil cephalus,58.62,1.5993333333333335,1.1,0.2330064888888889,0.20539184444444444,Tsimshian
Mugil cephalus,58.62,1.5993333333333335,1.1,0.2330064888888889,0.20539184444444444,Haida
Mugil cephalus,58.62,1.5993333333333335,1.1,0.2330064888888889,0.20539184444444444,Tlingit
Mugil cephalus,58.62,1.5993333333333335,1.1,0.2330064888888889,0.20539184444444444,Kwakiutl
Mugil cephalus,58.62,1.5993333333333335,1.1,0.2330064888888889,0.20539184444444444,Nootkan
Mugil cephalus,58.62,1.5993333333333335,1.1,0.2330064888888889,0.20539184444444444,Micmac
Mugil cephalus,58.62,1.5993333333333335,1.1,0.2330064888888889,0.20539184444444444,Powhatan
Mugil cephalus,58.62,1.5993333333333335,1.1,0.2330064888888889,0.20539184444444444,Wampanoag
Mya arenaria,53,1.7,40.5,0.2,0.2,Aleut
Mya arenaria,53,1.7,40.5,0.2,0.2,Inuit-Inupiaq
Mya arenaria,53,1.7,40.5,0.2,0.2,Chinook
Mya arenaria,53,1.7,40.5,0.2,0.2,Eyak
Mya arenaria,53,1.7,40.5,0.2,0.2,Bella Coola
Mya arenaria,53,1.7,40.5,0.2,0.2,Tsimshian
Mya arenaria,53,1.7,40.5,0.2,0.2,Haida
Mya arenaria,53,1.7,40.5,0.2,0.2,Tlingit
Mya arenaria,53,1.7,40.5,0.2,0.2,Haisla
Mya arenaria,53,1.7,40.5,0.2,0.2,Heiltsuk
Mya arenaria,53,1.7,40.5,0.2,0.2,Kwakiutl
Mya arenaria,53,1.7,40.5,0.2,0.2,Nootkan
Mya arenaria,53,1.7,40.5,0.2,0.2,Beothuk
Mya arenaria,53,1.7,40.5,0.2,0.2,Abenaki
Mya arenaria,53,1.7,40.5,0.2,0.2,Maliseet-Passamaquoddy
Mya arenaria,53,1.7,40.5,0.2,0.2,Micmac
Mya arenaria,53,1.7,40.5,0.2,0.2,Wampanoag
Mya arenaria,53,1.7,40.5,0.2,0.2,Huron
Mytilus edulis,65.33333333333333,1.77,10.86,0.12000000000000001,0.14,Aleut
Mytilus edulis,65.33333333333333,1.77,10.86,0.12000000000000001,0.14,Inuit-Inupiaq
Mytilus edulis,65.33333333333333,1.77,10.86,0.12000000000000001,0.14,Yupik
Mytilus edulis,65.33333333333333,1.77,10.86,0.12000000000000001,0.14,Bella Coola
Mytilus edulis,65.33333333333333,1.77,10.86,0.12000000000000001,0.14,Tsimshian
Mytilus edulis,65.33333333333333,1.77,10.86,0.12000000000000001,0.14,Haida
Mytilus edulis,65.33333333333333,1.77,10.86,0.12000000000000001,0.14,Tlingit
Mytilus edulis,65.33333333333333,1.77,10.86,0.12000000000000001,0.14,Heiltsuk
Mytilus edulis,65.33333333333333,1.77,10.86,0.12000000000000001,0.14,Kwakiutl
Mytilus edulis,65.33333333333333,1.77,10.86,0.12000000000000001,0.14,Nootkan
Mytilus edulis,65.33333333333333,1.77,10.86,0.12000000000000001,0.14,Beothuk
Mytilus edulis,65.33333333333333,1.77,10.86,0.12000000000000001,0.14,Micmac
Mytilus edulis,65.33333333333333,1.77,10.86,0.12000000000000001,0.14,Wampanoag
Nephropidae,39,1.51,1.57,0.1,0.1,Beothuk
Nephropidae,39,1.51,1.57,0.1,0.1,Abenaki
Nephropidae,39,1.51,1.57,0.1,0.1,Maliseet-Passamaquoddy
Nephropidae,39,1.51,1.57,0.1,0.1,Micmac
Nephropidae,39,1.51,1.57,0.1,0.1,Wampanoag
Octopoda,22,1.73,1.27,0.1,0.1,Quileute
Octopoda,22,1.73,1.27,0.1,0.1,Bella Coola
Octopoda,22,1.73,1.27,0.1,0.1,Tsimshian
Octopoda,22,1.73,1.27,0.1,0.1,Heiltsuk
Octopoda,22,1.73,1.27,0.1,0.1,Kwakiutl
Octopoda,22,1.73,1.27,0.1,0.1,Nootkan
Oncorhynchus gorbuscha,23.666666666666668,0.67,0.8433333333333334,0.28536866666666666,0.5378353333333333,Aleut
Oncorhynchus gorbuscha,23.666666666666668,0.67,0.8433333333333334,0.28536866666666666,0.5378353333333333,Inuit-Inupiaq
Oncorhynchus gorbuscha,23.666666666666668,0.67,0.8433333333333334,0.28536866666666666,0.5378353333333333,Yupik
Oncorhynchus gorbuscha,23.666666666666668,0.67,0.8433333333333334,0.28536866666666666,0.5378353333333333,Quileute
Oncorhynchus gorbuscha,23.666666666666668,0.67,0.8433333333333334,0.28536866666666666,0.5378353333333333,Chinook
Oncorhynchus gorbuscha,23.666666666666668,0.67,0.8433333333333334,0.28536866666666666,0.5378353333333333,Eyak
Oncorhynchus gorbuscha,23.666666666666668,0.67,0.8433333333333334,0.28536866666666666,0.5378353333333333,Bella Coola
Oncorhynchus gorbuscha,23.666666666666668,0.67,0.8433333333333334,0.28536866666666666,0.5378353333333333,Central Salish
Oncorhynchus gorbuscha,23.666666666666668,0.67,0.8433333333333334,0.28536866666666666,0.5378353333333333,Interior Salish
Oncorhynchus gorbuscha,23.666666666666668,0.67,0.8433333333333334,0.28536866666666666,0.5378353333333333,Tillamook
Oncorhynchus gorbuscha,23.666666666666668,0.67,0.8433333333333334,0.28536866666666666,0.5378353333333333,Nass-Gitksan
Oncorhynchus gorbuscha,23.666666666666668,0.67,0.8433333333333334,0.28536866666666666,0.5378353333333333,Tsimshian
Oncorhynchus gorbuscha,23.666666666666668,0.67,0.8433333333333334,0.28536866666666666,0.5378353333333333,Coosan
Oncorhynchus gorbuscha,23.666666666666668,0.67,0.8433333333333334,0.28536866666666666,0.5378353333333333,Haida
Oncorhynchus gorbuscha,23.666666666666668,0.67,0.8433333333333334,0.28536866666666666,0.5378353333333333,Siuslaw
Oncorhynchus gorbuscha,23.666666666666668,0.67,0.8433333333333334,0.28536866666666666,0.5378353333333333,Tlingit
Oncorhynchus gorbuscha,23.666666666666668,0.67,0.8433333333333334,0.28536866666666666,0.5378353333333333,Haisla
Oncorhynchus gorbuscha,23.666666666666668,0.67,0.8433333333333334,0.28536866666666666,0.5378353333333333,Heiltsuk
Oncorhynchus gorbuscha,23.666666666666668,0.67,0.8433333333333334,0.28536866666666666,0.5378353333333333,Kwakiutl
Oncorhynchus gorbuscha,23.666666666666668,0.67,0.8433333333333334,0.28536866666666666,0.5378353333333333,Nootkan
Oncorhynchus gorbuscha,23.666666666666668,0.67,0.8433333333333334,0.28536866666666666,0.5378353333333333,Cree
Oncorhynchus gorbuscha,23.666666666666668,0.67,0.8433333333333334,0.28536866666666666,0.5378353333333333,Montagnais-Naskapi
Oncorhynchus gorbuscha,23.666666666666668,0.67,0.8433333333333334,0.28536866666666666,0.5378353333333333,Ojibwa-Algonquin
Oncorhynchus gorbuscha,23.666666666666668,0.67,0.8433333333333334,0.28536866666666666,0.5378353333333333,Carrier
Oncorhynchus gorbuscha,23.666666666666668,0.67,0.8433333333333334,0.28536866666666666,0.5378353333333333,Chilcotin
Oncorhynchus gorbuscha,23.666666666666668,0.67,0.8433333333333334,0.28536866666666666,0.5378353333333333,Dogrib
Oncorhynchus gorbuscha,23.666666666666668,0.67,0.8433333333333334,0.28536866666666666,0.5378353333333333,Gwich'in
Oncorhynchus gorbuscha,23.666666666666668,0.67,0.8433333333333334,0.28536866666666666,0.5378353333333333,Han
Oncorhynchus gorbuscha,23.666666666666668,0.67,0.8433333333333334,0.28536866666666666,0.5378353333333333,Ingalik
Oncorhynchus gorbuscha,23.666666666666668,0.67,0.8433333333333334,0.28536866666666666,0.5378353333333333,Kolchan
Oncorhynchus gorbuscha,23.666666666666668,0.67,0.8433333333333334,0.28536866666666666,0.5378353333333333,Koyukon
Oncorhynchus gorbuscha,23.666666666666668,0.67,0.8433333333333334,0.28536866666666666,0.5378353333333333,Sekani
Oncorhynchus gorbuscha,23.666666666666668,0.67,0.8433333333333334,0.28536866666666666,0.5378353333333333,Tahltan-Kaska-Tagish
Oncorhynchus gorbuscha,23.666666666666668,0.67,0.8433333333333334,0.28536866666666666,0.5378353333333333,Tanaina
Oncorhynchus gorbuscha,23.666666666666668,0.67,0.8433333333333334,0.28536866666666666,0.5378353333333333,Tanana
Oncorhynchus gorbuscha,23.666666666666668,0.67,0.8433333333333334,0.28536866666666666,0.5378353333333333,Tutchone
Oncorhynchus gorbuscha,23.666666666666668,0.67,0.8433333333333334,0.28536866666666666,0.5378353333333333,Beothuk
Oncorhynchus gorbuscha,23.666666666666668,0.67,0.8433333333333334,0.28536866666666666,0.5378353333333333,Abenaki
Oncorhynchus gorbuscha,23.666666666666668,0.67,0.8433333333333334,0.28536866666666666,0.5378353333333333,Maliseet-Passamaquoddy
Oncorhynchus gorbuscha,23.666666666666668,0.67,0.8433333333333334,0.28536866666666666,0.5378353333333333,Micmac
Oncorhynchus keta,31,0.8433333333333334,0.625,0.4,0.6,Aleut
Oncorhynchus keta,31,0.8433333333333334,0.625,0.4,0.6,Inuit-Inupiaq
Oncorhynchus keta,31,0.8433333333333334,0.625,0.4,0.6,Yupik
Oncorhynchus keta,31,0.8433333333333334,0.625,0.4,0.6,Quileute
Oncorhynchus keta,31,0.8433333333333334,0.625,0.4,0.6,Chinook
Oncorhynchus keta,31,0.8433333333333334,0.625,0.4,0.6,Eyak
Oncorhynchus keta,31,0.8433333333333334,0.625,0.4,0.6,Bella Coola
Oncorhynchus keta,31,0.8433333333333334,0.625,0.4,0.6,Central Salish
Oncorhynchus keta,31,0.8433333333333334,0.625,0.4,0.6,Interior Salish
Oncorhynchus keta,31,0.8433333333333334,0.625,0.4,0.6,Tillamook
Oncorhynchus keta,31,0.8433333333333334,0.625,0.4,0.6,Nass-Gitksan
Oncorhynchus keta,31,0.8433333333333334,0.625,0.4,0.6,Tsimshian
Oncorhynchus keta,31,0.8433333333333334,0.625,0.4,0.6,Coosan
Oncorhynchus keta,31,0.8433333333333334,0.625,0.4,0.6,Haida
Oncorhynchus keta,31,0.8433333333333334,0.625,0.4,0.6,Siuslaw
Oncorhynchus keta,31,0.8433333333333334,0.625,0.4,0.6,Tlingit
Oncorhynchus keta,31,0.8433333333333334,0.625,0.4,0.6,Haisla
Oncorhynchus keta,31,0.8433333333333334,0.625,0.4,0.6,Heiltsuk
Oncorhynchus keta,31,0.8433333333333334,0.625,0.4,0.6,Kwakiutl
Oncorhynchus keta,31,0.8433333333333334,0.625,0.4,0.6,Nootkan
Oncorhynchus keta,31,0.8433333333333334,0.625,0.4,0.6,Cree
Oncorhynchus keta,31,0.8433333333333334,0.625,0.4,0.6,Montagnais-Naskapi
Oncorhynchus keta,31,0.8433333333333334,0.625,0.4,0.6,Ojibwa-Algonquin
Oncorhynchus keta,31,0.8433333333333334,0.625,0.4,0.6,Carrier
Oncorhynchus keta,31,0.8433333333333334,0.625,0.4,0.6,Chilcotin
Oncorhynchus keta,31,0.8433333333333334,0.625,0.4,0.6,Dogrib
Oncorhynchus keta,31,0.8433333333333334,0.625,0.4,0.6,Gwich'in
Oncorhynchus keta,31,0.8433333333333334,0.625,0.4,0.6,Han
Oncorhynchus keta,31,0.8433333333333334,0.625,0.4,0.6,Ingalik
Oncorhynchus keta,31,0.8433333333333334,0.625,0.4,0.6,Kolchan
Oncorhynchus keta,31,0.8433333333333334,0.625,0.4,0.6,Koyukon
Oncorhynchus keta,31,0.8433333333333334,0.625,0.4,0.6,Sekani
Oncorhynchus keta,31,0.8433333333333334,0.625,0.4,0.6,Tahltan-Kaska-Tagish
Oncorhynchus keta,31,0.8433333333333334,0.625,0.4,0.6,Tanaina
Oncorhynchus keta,31,0.8433333333333334,0.625,0.4,0.6,Tanana
Oncorhynchus keta,31,0.8433333333333334,0.625,0.4,0.6,Tutchone
Oncorhynchus keta,31,0.8433333333333334,0.625,0.4,0.6,Beothuk
Oncorhynchus keta,31,0.8433333333333334,0.625,0.4,0.6,Abenaki
Oncorhynchus keta,31,0.8433333333333334,0.625,0.4,0.6,Maliseet-Passamaquoddy
Oncorhynchus keta,31,0.8433333333333334,0.625,0.4,0.6,Micmac
Oncorhynchus kisutch,36.666666666666664,0.55,448.6666666666667,0.3733333333333333,0.5,Aleut
Oncorhynchus kisutch,36.666666666666664,0.55,448.6666666666667,0.3733333333333333,0.5,Inuit-Inupiaq
Oncorhynchus kisutch,36.666666666666664,0.55,448.6666666666667,0.3733333333333333,0.5,Yupik
Oncorhynchus kisutch,36.666666666666664,0.55,448.6666666666667,0.3733333333333333,0.5,Quileute
Oncorhynchus kisutch,36.666666666666664,0.55,448.6666666666667,0.3733333333333333,0.5,Chinook
Oncorhynchus kisutch,36.666666666666664,0.55,448.6666666666667,0.3733333333333333,0.5,Eyak
Oncorhynchus kisutch,36.666666666666664,0.55,448.6666666666667,0.3733333333333333,0.5,Bella Coola
Oncorhynchus kisutch,36.666666666666664,0.55,448.6666666666667,0.3733333333333333,0.5,Central Salish
Oncorhynchus kisutch,36.666666666666664,0.55,448.6666666666667,0.3733333333333333,0.5,Interior Salish
Oncorhynchus kisutch,36.666666666666664,0.55,448.6666666666667,0.3733333333333333,0.5,Tillamook
Oncorhynchus kisutch,36.666666666666664,0.55,448.6666666666667,0.3733333333333333,0.5,Nass-Gitksan
Oncorhynchus kisutch,36.666666666666664,0.55,448.6666666666667,0.3733333333333333,0.5,Tsimshian
Oncorhynchus kisutch,36.666666666666664,0.55,448.6666666666667,0.3733333333333333,0.5,Coosan
Oncorhynchus kisutch,36.666666666666664,0.55,448.6666666666667,0.3733333333333333,0.5,Haida
Oncorhynchus kisutch,36.666666666666664,0.55,448.6666666666667,0.3733333333333333,0.5,Siuslaw
Oncorhynchus kisutch,36.666666666666664,0.55,448.6666666666667,0.3733333333333333,0.5,Tlingit
Oncorhynchus kisutch,36.666666666666664,0.55,448.6666666666667,0.3733333333333333,0.5,Haisla
Oncorhynchus kisutch,36.666666666666664,0.55,448.6666666666667,0.3733333333333333,0.5,Heiltsuk
Oncorhynchus kisutch,36.666666666666664,0.55,448.6666666666667,0.3733333333333333,0.5,Kwakiutl
Oncorhynchus kisutch,36.666666666666664,0.55,448.6666666666667,0.3733333333333333,0.5,Nootkan
Oncorhynchus kisutch,36.666666666666664,0.55,448.6666666666667,0.3733333333333333,0.5,Cree
Oncorhynchus kisutch,36.666666666666664,0.55,448.6666666666667,0.3733333333333333,0.5,Montagnais-Naskapi
Oncorhynchus kisutch,36.666666666666664,0.55,448.6666666666667,0.3733333333333333,0.5,Ojibwa-Algonquin
Oncorhynchus kisutch,36.666666666666664,0.55,448.6666666666667,0.3733333333333333,0.5,Carrier
Oncorhynchus kisutch,36.666666666666664,0.55,448.6666666666667,0.3733333333333333,0.5,Chilcotin
Oncorhynchus kisutch,36.666666666666664,0.55,448.6666666666667,0.3733333333333333,0.5,Dogrib
Oncorhynchus kisutch,36.666666666666664,0.55,448.6666666666667,0.3733333333333333,0.5,Gwich'in
Oncorhynchus kisutch,36.666666666666664,0.55,448.6666666666667,0.3733333333333333,0.5,Han
Oncorhynchus kisutch,36.666666666666664,0.55,448.6666666666667,0.3733333333333333,0.5,Ingalik
Oncorhynchus kisutch,36.666666666666664,0.55,448.6666666666667,0.3733333333333333,0.5,Kolchan
Oncorhynchus kisutch,36.666666666666664,0.55,448.6666666666667,0.3733333333333333,0.5,Koyukon
Oncorhynchus kisutch,36.666666666666664,0.55,448.6666666666667,0.3733333333333333,0.5,Sekani
Oncorhynchus kisutch,36.666666666666664,0.55,448.6666666666667,0.3733333333333333,0.5,Tahltan-Kaska-Tagish
Oncorhynchus kisutch,36.666666666666664,0.55,448.6666666666667,0.3733333333333333,0.5,Tanaina
Oncorhynchus kisutch,36.666666666666664,0.55,448.6666666666667,0.3733333333333333,0.5,Tanana
Oncorhynchus kisutch,36.666666666666664,0.55,448.6666666666667,0.3733333333333333,0.5,Tutchone
Oncorhynchus kisutch,36.666666666666664,0.55,448.6666666666667,0.3733333333333333,0.5,Beothuk
Oncorhynchus kisutch,36.666666666666664,0.55,448.6666666666667,0.3733333333333333,0.5,Abenaki
Oncorhynchus kisutch,36.666666666666664,0.55,448.6666666666667,0.3733333333333333,0.5,Maliseet-Passamaquoddy
Oncorhynchus kisutch,36.666666666666664,0.55,448.6666666666667,0.3733333333333333,0.5,Micmac
Oncorhynchus mykiss,46.23714285714286,3.012,679.759,0.05008666666666667,0.287464,Inuit-Inupiaq
Oncorhynchus mykiss,46.23714285714286,3.012,679.759,0.05008666666666667,0.287464,Yupik
Oncorhynchus mykiss,46.23714285714286,3.012,679.759,0.05008666666666667,0.287464,Quileute
Oncorhynchus mykiss,46.23714285714286,3.012,679.759,0.05008666666666667,0.287464,Chinook
Oncorhynchus mykiss,46.23714285714286,3.012,679.759,0.05008666666666667,0.287464,Eyak
Oncorhynchus mykiss,46.23714285714286,3.012,679.759,0.05008666666666667,0.287464,Bella Coola
Oncorhynchus mykiss,46.23714285714286,3.012,679.759,0.05008666666666667,0.287464,Central Salish
Oncorhynchus mykiss,46.23714285714286,3.012,679.759,0.05008666666666667,0.287464,Interior Salish
Oncorhynchus mykiss,46.23714285714286,3.012,679.759,0.05008666666666667,0.287464,Tillamook
Oncorhynchus mykiss,46.23714285714286,3.012,679.759,0.05008666666666667,0.287464,Nass-Gitksan
Oncorhynchus mykiss,46.23714285714286,3.012,679.759,0.05008666666666667,0.287464,Tsimshian
Oncorhynchus mykiss,46.23714285714286,3.012,679.759,0.05008666666666667,0.287464,Haida
Oncorhynchus mykiss,46.23714285714286,3.012,679.759,0.05008666666666667,0.287464,Tlingit
Oncorhynchus mykiss,46.23714285714286,3.012,679.759,0.05008666666666667,0.287464,Kwakiutl
Oncorhynchus mykiss,46.23714285714286,3.012,679.759,0.05008666666666667,0.287464,Nootkan
Oncorhynchus mykiss,46.23714285714286,3.012,679.759,0.05008666666666667,0.287464,Cree
Oncorhynchus mykiss,46.23714285714286,3.012,679.759,0.05008666666666667,0.287464,Montagnais-Naskapi
Oncorhynchus mykiss,46.23714285714286,3.012,679.759,0.05008666666666667,0.287464,Ojibwa-Algonquin
Oncorhynchus mykiss,46.23714285714286,3.012,679.759,0.05008666666666667,0.287464,Ahtna
Oncorhynchus mykiss,46.23714285714286,3.012,679.759,0.05008666666666667,0.287464,Carrier
Oncorhynchus mykiss,46.23714285714286,3.012,679.759,0.05008666666666667,0.287464,Chilcotin
Oncorhynchus mykiss,46.23714285714286,3.012,679.759,0.05008666666666667,0.287464,Chipewyan
Oncorhynchus mykiss,46.23714285714286,3.012,679.759,0.05008666666666667,0.287464,Dogrib
Oncorhynchus mykiss,46.23714285714286,3.012,679.759,0.05008666666666667,0.287464,Gwich'in
Oncorhynchus mykiss,46.23714285714286,3.012,679.759,0.05008666666666667,0.287464,Sekani
Oncorhynchus mykiss,46.23714285714286,3.012,679.759,0.05008666666666667,0.287464,Slavey-Hare
Oncorhynchus mykiss,46.23714285714286,3.012,679.759,0.05008666666666667,0.287464,Tahltan-Kaska-Tagish
Oncorhynchus mykiss,46.23714285714286,3.012,679.759,0.05008666666666667,0.287464,Tanaina
Oncorhynchus mykiss,46.23714285714286,3.012,679.759,0.05008666666666667,0.287464,Tutchone
Oncorhynchus mykiss,46.23714285714286,3.012,679.759,0.05008666666666667,0.287464,Metis
Oncorhynchus mykiss,46.23714285714286,3.012,679.759,0.05008666666666667,0.287464,Maliseet-Passamaquoddy
Oncorhynchus mykiss,46.23714285714286,3.012,679.759,0.05008666666666667,0.287464,Micmac
Oncorhynchus mykiss,46.23714285714286,3.012,679.759,0.05008666666666667,0.287464,Huron
Oncorhynchus nerka,77.73333333333333,0.84,0.9533333333333334,0.8666666666666666,1.1247619047619049,Aleut
Oncorhynchus nerka,77.73333333333333,0.84,0.9533333333333334,0.8666666666666666,1.1247619047619049,Inuit-Inupiaq
Oncorhynchus nerka,77.73333333333333,0.84,0.9533333333333334,0.8666666666666666,1.1247619047619049,Yupik
Oncorhynchus nerka,77.73333333333333,0.84,0.9533333333333334,0.8666666666666666,1.1247619047619049,Quileute
Oncorhynchus nerka,77.73333333333333,0.84,0.9533333333333334,0.8666666666666666,1.1247619047619049,Chinook
Oncorhynchus nerka,77.73333333333333,0.84,0.9533333333333334,0.8666666666666666,1.1247619047619049,Eyak
Oncorhynchus nerka,77.73333333333333,0.84,0.9533333333333334,0.8666666666666666,1.1247619047619049,Bella Coola
Oncorhynchus nerka,77.73333333333333,0.84,0.9533333333333334,0.8666666666666666,1.1247619047619049,Central Salish
Oncorhynchus nerka,77.73333333333333,0.84,0.9533333333333334,0.8666666666666666,1.1247619047619049,Interior Salish
Oncorhynchus nerka,77.73333333333333,0.84,0.9533333333333334,0.8666666666666666,1.1247619047619049,Tillamook
Oncorhynchus nerka,77.73333333333333,0.84,0.9533333333333334,0.8666666666666666,1.1247619047619049,Nass-Gitksan
Oncorhynchus nerka,77.73333333333333,0.84,0.9533333333333334,0.8666666666666666,1.1247619047619049,Tsimshian
Oncorhynchus nerka,77.73333333333333,0.84,0.9533333333333334,0.8666666666666666,1.1247619047619049,Coosan
Oncorhynchus nerka,77.73333333333333,0.84,0.9533333333333334,0.8666666666666666,1.1247619047619049,Haida
Oncorhynchus nerka,77.73333333333333,0.84,0.9533333333333334,0.8666666666666666,1.1247619047619049,Siuslaw
Oncorhynchus nerka,77.73333333333333,0.84,0.9533333333333334,0.8666666666666666,1.1247619047619049,Tlingit
Oncorhynchus nerka,77.73333333333333,0.84,0.9533333333333334,0.8666666666666666,1.1247619047619049,Haisla
Oncorhynchus nerka,77.73333333333333,0.84,0.9533333333333334,0.8666666666666666,1.1247619047619049,Heiltsuk
Oncorhynchus nerka,77.73333333333333,0.84,0.9533333333333334,0.8666666666666666,1.1247619047619049,Kwakiutl
Oncorhynchus nerka,77.73333333333333,0.84,0.9533333333333334,0.8666666666666666,1.1247619047619049,Nootkan
Oncorhynchus nerka,77.73333333333333,0.84,0.9533333333333334,0.8666666666666666,1.1247619047619049,Cree
Oncorhynchus nerka,77.73333333333333,0.84,0.9533333333333334,0.8666666666666666,1.1247619047619049,Montagnais-Naskapi
Oncorhynchus nerka,77.73333333333333,0.84,0.9533333333333334,0.8666666666666666,1.1247619047619049,Ojibwa-Algonquin
Oncorhynchus nerka,77.73333333333333,0.84,0.9533333333333334,0.8666666666666666,1.1247619047619049,Carrier
Oncorhynchus nerka,77.73333333333333,0.84,0.9533333333333334,0.8666666666666666,1.1247619047619049,Chilcotin
Oncorhynchus nerka,77.73333333333333,0.84,0.9533333333333334,0.8666666666666666,1.1247619047619049,Dogrib
Oncorhynchus nerka,77.73333333333333,0.84,0.9533333333333334,0.8666666666666666,1.1247619047619049,Gwich'in
Oncorhynchus nerka,77.73333333333333,0.84,0.9533333333333334,0.8666666666666666,1.1247619047619049,Han
Oncorhynchus nerka,77.73333333333333,0.84,0.9533333333333334,0.8666666666666666,1.1247619047619049,Ingalik
Oncorhynchus nerka,77.73333333333333,0.84,0.9533333333333334,0.8666666666666666,1.1247619047619049,Kolchan
Oncorhynchus nerka,77.73333333333333,0.84,0.9533333333333334,0.8666666666666666,1.1247619047619049,Koyukon
Oncorhynchus nerka,77.73333333333333,0.84,0.9533333333333334,0.8666666666666666,1.1247619047619049,Sekani
Oncorhynchus nerka,77.73333333333333,0.84,0.9533333333333334,0.8666666666666666,1.1247619047619049,Tahltan-Kaska-Tagish
Oncorhynchus nerka,77.73333333333333,0.84,0.9533333333333334,0.8666666666666666,1.1247619047619049,Tanaina
Oncorhynchus nerka,77.73333333333333,0.84,0.9533333333333334,0.8666666666666666,1.1247619047619049,Tanana
Oncorhynchus nerka,77.73333333333333,0.84,0.9533333333333334,0.8666666666666666,1.1247619047619049,Tutchone
Oncorhynchus nerka,77.73333333333333,0.84,0.9533333333333334,0.8666666666666666,1.1247619047619049,Beothuk
Oncorhynchus nerka,77.73333333333333,0.84,0.9533333333333334,0.8666666666666666,1.1247619047619049,Abenaki
Oncorhynchus nerka,77.73333333333333,0.84,0.9533333333333334,0.8666666666666666,1.1247619047619049,Maliseet-Passamaquoddy
Oncorhynchus nerka,77.73333333333333,0.84,0.9533333333333334,0.8666666666666666,1.1247619047619049,Micmac
Oncorhynchus tshawytscha,24.545454545454547,0.56,0.88,0.512,0.56,Aleut
Oncorhynchus tshawytscha,24.545454545454547,0.56,0.88,0.512,0.56,Inuit-Inupiaq
Oncorhynchus tshawytscha,24.545454545454547,0.56,0.88,0.512,0.56,Yupik
Oncorhynchus tshawytscha,24.545454545454547,0.56,0.88,0.512,0.56,Quileute
Oncorhynchus tshawytscha,24.545454545454547,0.56,0.88,0.512,0.56,Chinook
Oncorhynchus tshawytscha,24.545454545454547,0.56,0.88,0.512,0.56,Eyak
Oncorhynchus tshawytscha,24.545454545454547,0.56,0.88,0.512,0.56,Bella Coola
Oncorhynchus tshawytscha,24.545454545454547,0.56,0.88,0.512,0.56,Central Salish
Oncorhynchus tshawytscha,24.545454545454547,0.56,0.88,0.512,0.56,Interior Salish
Oncorhynchus tshawytscha,24.545454545454547,0.56,0.88,0.512,0.56,Tillamook
Oncorhynchus tshawytscha,24.545454545454547,0.56,0.88,0.512,0.56,Nass-Gitksan
Oncorhynchus tshawytscha,24.545454545454547,0.56,0.88,0.512,0.56,Tsimshian
Oncorhynchus tshawytscha,24.545454545454547,0.56,0.88,0.512,0.56,Coosan
Oncorhynchus tshawytscha,24.545454545454547,0.56,0.88,0.512,0.56,Haida
Oncorhynchus tshawytscha,24.545454545454547,0.56,0.88,0.512,0.56,Siuslaw
Oncorhynchus tshawytscha,24.545454545454547,0.56,0.88,0.512,0.56,Tlingit
Oncorhynchus tshawytscha,24.545454545454547,0.56,0.88,0.512,0.56,Haisla
Oncorhynchus tshawytscha,24.545454545454547,0.56,0.88,0.512,0.56,Heiltsuk
Oncorhynchus tshawytscha,24.545454545454547,0.56,0.88,0.512,0.56,Kwakiutl
Oncorhynchus tshawytscha,24.545454545454547,0.56,0.88,0.512,0.56,Nootkan
Oncorhynchus tshawytscha,24.545454545454547,0.56,0.88,0.512,0.56,Cree
Oncorhynchus tshawytscha,24.545454545454547,0.56,0.88,0.512,0.56,Montagnais-Naskapi
Oncorhynchus tshawytscha,24.545454545454547,0.56,0.88,0.512,0.56,Ojibwa-Algonquin
Oncorhynchus tshawytscha,24.545454545454547,0.56,0.88,0.512,0.56,Carrier
Oncorhynchus tshawytscha,24.545454545454547,0.56,0.88,0.512,0.56,Chilcotin
Oncorhynchus tshawytscha,24.545454545454547,0.56,0.88,0.512,0.56,Dogrib
Oncorhynchus tshawytscha,24.545454545454547,0.56,0.88,0.512,0.56,Gwich'in
Oncorhynchus tshawytscha,24.545454545454547,0.56,0.88,0.512,0.56,Han
Oncorhynchus tshawytscha,24.545454545454547,0.56,0.88,0.512,0.56,Ingalik
Oncorhynchus tshawytscha,24.545454545454547,0.56,0.88,0.512,0.56,Kolchan
Oncorhynchus tshawytscha,24.545454545454547,0.56,0.88,0.512,0.56,Koyukon
Oncorhynchus tshawytscha,24.545454545454547,0.56,0.88,0.512,0.56,Sekani
Oncorhynchus tshawytscha,24.545454545454547,0.56,0.88,0.512,0.56,Tahltan-Kaska-Tagish
Oncorhynchus tshawytscha,24.545454545454547,0.56,0.88,0.512,0.56,Tanaina
Oncorhynchus tshawytscha,24.545454545454547,0.56,0.88,0.512,0.56,Tanana
Oncorhynchus tshawytscha,24.545454545454547,0.56,0.88,0.512,0.56,Tutchone
Oncorhynchus tshawytscha,24.545454545454547,0.56,0.88,0.512,0.56,Beothuk
Oncorhynchus tshawytscha,24.545454545454547,0.56,0.88,0.512,0.56,Abenaki
Oncorhynchus tshawytscha,24.545454545454547,0.56,0.88,0.512,0.56,Maliseet-Passamaquoddy
Oncorhynchus tshawytscha,24.545454545454547,0.56,0.88,0.512,0.56,Micmac
Ostreidae,111,23.2,8185,0.3,0.2,Tlingit
Ostreidae,111,23.2,8185,0.3,0.2,Nootkan
Ostreidae,111,23.2,8185,0.3,0.2,Cree
Ostreidae,111,23.2,8185,0.3,0.2,Abenaki
Ostreidae,111,23.2,8185,0.3,0.2,Micmac
Ostreidae,111,23.2,8185,0.3,0.2,Wampanoag
Pectinidae,27.6,1.22,0.6035,0.1,0.1,Aleut
Pectinidae,27.6,1.22,0.6035,0.1,0.1,Haida
Pectinidae,27.6,1.22,0.6035,0.1,0.1,Tlingit
Pectinidae,27.6,1.22,0.6035,0.1,0.1,Heiltsuk
Pectinidae,27.6,1.22,0.6035,0.1,0.1,Nootkan
Pectinidae,27.6,1.22,0.6035,0.1,0.1,Micmac
Pectinidae,27.6,1.22,0.6035,0.1,0.1,Wampanoag
Perca flavescens,21.916666666666668,0.4304328,0.2078,0.03359,0.10433553333333334,Cree
Perca flavescens,21.916666666666668,0.4304328,0.2078,0.03359,0.10433553333333334,Ojibwa-Algonquin
Perca flavescens,21.916666666666668,0.4304328,0.2078,0.03359,0.10433553333333334,Micmac
Perca flavescens,21.916666666666668,0.4304328,0.2078,0.03359,0.10433553333333334,Powhatan
Pomatomus saltatrix,32.9,0.763,2.826,0.39425696666666665,1.1981193333333333,Inuit-Inupiaq
Pomatomus saltatrix,32.9,0.763,2.826,0.39425696666666665,1.1981193333333333,Yupik
Pomatomus saltatrix,32.9,0.763,2.826,0.39425696666666665,1.1981193333333333,Bella Coola
Pomatomus saltatrix,32.9,0.763,2.826,0.39425696666666665,1.1981193333333333,Central Salish
Pomatomus saltatrix,32.9,0.763,2.826,0.39425696666666665,1.1981193333333333,Tsimshian
Pomatomus saltatrix,32.9,0.763,2.826,0.39425696666666665,1.1981193333333333,Haida
Pomatomus saltatrix,32.9,0.763,2.826,0.39425696666666665,1.1981193333333333,Tlingit
Pomatomus saltatrix,32.9,0.763,2.826,0.39425696666666665,1.1981193333333333,Kwakiutl
Pomatomus saltatrix,32.9,0.763,2.826,0.39425696666666665,1.1981193333333333,Nootkan
Pomatomus saltatrix,32.9,0.763,2.826,0.39425696666666665,1.1981193333333333,Micmac
Pomatomus saltatrix,32.9,0.763,2.826,0.39425696666666665,1.1981193333333333,Powhatan
Pomatomus saltatrix,32.9,0.763,2.826,0.39425696666666665,1.1981193333333333,Wampanoag
Reinhardtius hippoglossoides,5.9,0.32,0.09,0.5,0.4,Aleut
Reinhardtius hippoglossoides,5.9,0.32,0.09,0.5,0.4,Inuit-Inupiaq
Reinhardtius hippoglossoides,5.9,0.32,0.09,0.5,0.4,Yupik
Reinhardtius hippoglossoides,5.9,0.32,0.09,0.5,0.4,Quileute
Reinhardtius hippoglossoides,5.9,0.32,0.09,0.5,0.4,Bella Coola
Reinhardtius hippoglossoides,5.9,0.32,0.09,0.5,0.4,Central Salish
Reinhardtius hippoglossoides,5.9,0.32,0.09,0.5,0.4,Nass-Gitksan
Reinhardtius hippoglossoides,5.9,0.32,0.09,0.5,0.4,Tsimshian
Reinhardtius hippoglossoides,5.9,0.32,0.09,0.5,0.4,Haida
Reinhardtius hippoglossoides,5.9,0.32,0.09,0.5,0.4,Tlingit
Reinhardtius hippoglossoides,5.9,0.32,0.09,0.5,0.4,Haisla
Reinhardtius hippoglossoides,5.9,0.32,0.09,0.5,0.4,Heiltsuk
Reinhardtius hippoglossoides,5.9,0.32,0.09,0.5,0.4,Kwakiutl
Reinhardtius hippoglossoides,5.9,0.32,0.09,0.5,0.4,Nootkan
Reinhardtius hippoglossoides,5.9,0.32,0.09,0.5,0.4,Abenaki
Reinhardtius hippoglossoides,5.9,0.32,0.09,0.5,0.4,Micmac
Reinhardtius hippoglossoides,5.9,0.32,0.09,0.5,0.4,Wampanoag
Salmo salar,13.3,0.5349999999999999,0.7749999999999999,0.5853835000000001,1.9208910000000001,Aleut
Salmo salar,13.3,0.5349999999999999,0.7749999999999999,0.5853835000000001,1.9208910000000001,Inuit-Inupiaq
Salmo salar,13.3,0.5349999999999999,0.7749999999999999,0.5853835000000001,1.9208910000000001,Yupik
Salmo salar,13.3,0.5349999999999999,0.7749999999999999,0.5853835000000001,1.9208910000000001,Quileute
Salmo salar,13.3,0.5349999999999999,0.7749999999999999,0.5853835000000001,1.9208910000000001,Chinook
Salmo salar,13.3,0.5349999999999999,0.7749999999999999,0.5853835000000001,1.9208910000000001,Eyak
Salmo salar,13.3,0.5349999999999999,0.7749999999999999,0.5853835000000001,1.9208910000000001,Bella Coola
Salmo salar,13.3,0.5349999999999999,0.7749999999999999,0.5853835000000001,1.9208910000000001,Central Salish
Salmo salar,13.3,0.5349999999999999,0.7749999999999999,0.5853835000000001,1.9208910000000001,Interior Salish
Salmo salar,13.3,0.5349999999999999,0.7749999999999999,0.5853835000000001,1.9208910000000001,Tillamook
Salmo salar,13.3,0.5349999999999999,0.7749999999999999,0.5853835000000001,1.9208910000000001,Nass-Gitksan
Salmo salar,13.3,0.5349999999999999,0.7749999999999999,0.5853835000000001,1.9208910000000001,Tsimshian
Salmo salar,13.3,0.5349999999999999,0.7749999999999999,0.5853835000000001,1.9208910000000001,Coosan
Salmo salar,13.3,0.5349999999999999,0.7749999999999999,0.5853835000000001,1.9208910000000001,Haida
Salmo salar,13.3,0.5349999999999999,0.7749999999999999,0.5853835000000001,1.9208910000000001,Siuslaw
Salmo salar,13.3,0.5349999999999999,0.7749999999999999,0.5853835000000001,1.9208910000000001,Tlingit
Salmo salar,13.3,0.5349999999999999,0.7749999999999999,0.5853835000000001,1.9208910000000001,Haisla
Salmo salar,13.3,0.5349999999999999,0.7749999999999999,0.5853835000000001,1.9208910000000001,Heiltsuk
Salmo salar,13.3,0.5349999999999999,0.7749999999999999,0.5853835000000001,1.9208910000000001,Kwakiutl
Salmo salar,13.3,0.5349999999999999,0.7749999999999999,0.5853835000000001,1.9208910000000001,Nootkan
Salmo salar,13.3,0.5349999999999999,0.7749999999999999,0.5853835000000001,1.9208910000000001,Cree
Salmo salar,13.3,0.5349999999999999,0.7749999999999999,0.5853835000000001,1.9208910000000001,Montagnais-Naskapi
Salmo salar,13.3,0.5349999999999999,0.7749999999999999,0.5853835000000001,1.9208910000000001,Ojibwa-Algonquin
Salmo salar,13.3,0.5349999999999999,0.7749999999999999,0.5853835000000001,1.9208910000000001,Carrier
Salmo salar,13.3,0.5349999999999999,0.7749999999999999,0.5853835000000001,1.9208910000000001,Chilcotin
Salmo salar,13.3,0.5349999999999999,0.7749999999999999,0.5853835000000001,1.9208910000000001,Dogrib
Salmo salar,13.3,0.5349999999999999,0.7749999999999999,0.5853835000000001,1.9208910000000001,Gwich'in
Salmo salar,13.3,0.5349999999999999,0.7749999999999999,0.5853835000000001,1.9208910000000001,Han
Salmo salar,13.3,0.5349999999999999,0.7749999999999999,0.5853835000000001,1.9208910000000001,Ingalik
Salmo salar,13.3,0.5349999999999999,0.7749999999999999,0.5853835000000001,1.9208910000000001,Kolchan
Salmo salar,13.3,0.5349999999999999,0.7749999999999999,0.5853835000000001,1.9208910000000001,Koyukon
Salmo salar,13.3,0.5349999999999999,0.7749999999999999,0.5853835000000001,1.9208910000000001,Sekani
Salmo salar,13.3,0.5349999999999999,0.7749999999999999,0.5853835000000001,1.9208910000000001,Tahltan-Kaska-Tagish
Salmo salar,13.3,0.5349999999999999,0.7749999999999999,0.5853835000000001,1.9208910000000001,Tanaina
Salmo salar,13.3,0.5349999999999999,0.7749999999999999,0.5853835000000001,1.9208910000000001,Tanana
Salmo salar,13.3,0.5349999999999999,0.7749999999999999,0.5853835000000001,1.9208910000000001,Tutchone
Salmo salar,13.3,0.5349999999999999,0.7749999999999999,0.5853835000000001,1.9208910000000001,Beothuk
Salmo salar,13.3,0.5349999999999999,0.7749999999999999,0.5853835000000001,1.9208910000000001,Abenaki
Salmo salar,13.3,0.5349999999999999,0.7749999999999999,0.5853835000000001,1.9208910000000001,Maliseet-Passamaquoddy
Salmo salar,13.3,0.5349999999999999,0.7749999999999999,0.5853835000000001,1.9208910000000001,Micmac
Salvelinus alpinus,61.44,3.76,1.5999999999999999,0.6266666666666667,0.49666666666666665,Inuit-Inupiaq
Salvelinus alpinus,61.44,3.76,1.5999999999999999,0.6266666666666667,0.49666666666666665,Nass-Gitksan
Salvelinus alpinus,61.44,3.76,1.5999999999999999,0.6266666666666667,0.49666666666666665,Cree
Salvelinus alpinus,61.44,3.76,1.5999999999999999,0.6266666666666667,0.49666666666666665,Montagnais-Naskapi
Salvelinus alpinus,61.44,3.76,1.5999999999999999,0.6266666666666667,0.49666666666666665,Carrier
Salvelinus alpinus,61.44,3.76,1.5999999999999999,0.6266666666666667,0.49666666666666665,Chipewyan
Salvelinus alpinus,61.44,3.76,1.5999999999999999,0.6266666666666667,0.49666666666666665,Gwich'in
Salvelinus alpinus,61.44,3.76,1.5999999999999999,0.6266666666666667,0.49666666666666665,Tahltan-Kaska-Tagish
Salvelinus alpinus,61.44,3.76,1.5999999999999999,0.6266666666666667,0.49666666666666665,Metis
Salvelinus alpinus,61.44,3.76,1.5999999999999999,0.6266666666666667,0.49666666666666665,Micmac
Salvelinus fontinalis,11.755555555555556,0.6923333333333334,0.3556666666666667,0.1502857142857143,0.3534,Inuit-Inupiaq
Salvelinus fontinalis,11.755555555555556,0.6923333333333334,0.3556666666666667,0.1502857142857143,0.3534,Yupik
Salvelinus fontinalis,11.755555555555556,0.6923333333333334,0.3556666666666667,0.1502857142857143,0.3534,Quileute
Salvelinus fontinalis,11.755555555555556,0.6923333333333334,0.3556666666666667,0.1502857142857143,0.3534,Chinook
Salvelinus fontinalis,11.755555555555556,0.6923333333333334,0.3556666666666667,0.1502857142857143,0.3534,Eyak
Salvelinus fontinalis,11.755555555555556,0.6923333333333334,0.3556666666666667,0.1502857142857143,0.3534,Bella Coola
Salvelinus fontinalis,11.755555555555556,0.6923333333333334,0.3556666666666667,0.1502857142857143,0.3534,Central Salish
Salvelinus fontinalis,11.755555555555556,0.6923333333333334,0.3556666666666667,0.1502857142857143,0.3534,Interior Salish
Salvelinus fontinalis,11.755555555555556,0.6923333333333334,0.3556666666666667,0.1502857142857143,0.3534,Tillamook
Salvelinus fontinalis,11.755555555555556,0.6923333333333334,0.3556666666666667,0.1502857142857143,0.3534,Nass-Gitksan
Salvelinus fontinalis,11.755555555555556,0.6923333333333334,0.3556666666666667,0.1502857142857143,0.3534,Tsimshian
Salvelinus fontinalis,11.755555555555556,0.6923333333333334,0.3556666666666667,0.1502857142857143,0.3534,Haida
Salvelinus fontinalis,11.755555555555556,0.6923333333333334,0.3556666666666667,0.1502857142857143,0.3534,Tlingit
Salvelinus fontinalis,11.755555555555556,0.6923333333333334,0.3556666666666667,0.1502857142857143,0.3534,Kwakiutl
Salvelinus fontinalis,11.755555555555556,0.6923333333333334,0.3556666666666667,0.1502857142857143,0.3534,Nootkan
Salvelinus fontinalis,11.755555555555556,0.6923333333333334,0.3556666666666667,0.1502857142857143,0.3534,Cree
Salvelinus fontinalis,11.755555555555556,0.6923333333333334,0.3556666666666667,0.1502857142857143,0.3534,Montagnais-Naskapi
Salvelinus fontinalis,11.755555555555556,0.6923333333333334,0.3556666666666667,0.1502857142857143,0.3534,Ojibwa-Algonquin
Salvelinus fontinalis,11.755555555555556,0.6923333333333334,0.3556666666666667,0.1502857142857143,0.3534,Ahtna
Salvelinus fontinalis,11.755555555555556,0.6923333333333334,0.3556666666666667,0.1502857142857143,0.3534,Carrier
Salvelinus fontinalis,11.755555555555556,0.6923333333333334,0.3556666666666667,0.1502857142857143,0.3534,Chilcotin
Salvelinus fontinalis,11.755555555555556,0.6923333333333334,0.3556666666666667,0.1502857142857143,0.3534,Chipewyan
Salvelinus fontinalis,11.755555555555556,0.6923333333333334,0.3556666666666667,0.1502857142857143,0.3534,Dogrib
Salvelinus fontinalis,11.755555555555556,0.6923333333333334,0.3556666666666667,0.1502857142857143,0.3534,Gwich'in
Salvelinus fontinalis,11.755555555555556,0.6923333333333334,0.3556666666666667,0.1502857142857143,0.3534,Sekani
Salvelinus fontinalis,11.755555555555556,0.6923333333333334,0.3556666666666667,0.1502857142857143,0.3534,Slavey-Hare
Salvelinus fontinalis,11.755555555555556,0.6923333333333334,0.3556666666666667,0.1502857142857143,0.3534,Tahltan-Kaska-Tagish
Salvelinus fontinalis,11.755555555555556,0.6923333333333334,0.3556666666666667,0.1502857142857143,0.3534,Tanaina
Salvelinus fontinalis,11.755555555555556,0.6923333333333334,0.3556666666666667,0.1502857142857143,0.3534,Tutchone
Salvelinus fontinalis,11.755555555555556,0.6923333333333334,0.3556666666666667,0.1502857142857143,0.3534,Metis
Salvelinus fontinalis,11.755555555555556,0.6923333333333334,0.3556666666666667,0.1502857142857143,0.3534,Maliseet-Passamaquoddy
Salvelinus fontinalis,11.755555555555556,0.6923333333333334,0.3556666666666667,0.1502857142857143,0.3534,Micmac
Salvelinus fontinalis,11.755555555555556,0.6923333333333334,0.3556666666666667,0.1502857142857143,0.3534,Huron
Salvelinus namaycush,11.685714285714285,1.7582539682539682,0.7606153846153846,0.1798095238095238,0.49504761904761907,Inuit-Inupiaq
Salvelinus namaycush,11.685714285714285,1.7582539682539682,0.7606153846153846,0.1798095238095238,0.49504761904761907,Yupik
Salvelinus namaycush,11.685714285714285,1.7582539682539682,0.7606153846153846,0.1798095238095238,0.49504761904761907,Quileute
Salvelinus namaycush,11.685714285714285,1.7582539682539682,0.7606153846153846,0.1798095238095238,0.49504761904761907,Chinook
Salvelinus namaycush,11.685714285714285,1.7582539682539682,0.7606153846153846,0.1798095238095238,0.49504761904761907,Eyak
Salvelinus namaycush,11.685714285714285,1.7582539682539682,0.7606153846153846,0.1798095238095238,0.49504761904761907,Bella Coola
Salvelinus namaycush,11.685714285714285,1.7582539682539682,0.7606153846153846,0.1798095238095238,0.49504761904761907,Central Salish
Salvelinus namaycush,11.685714285714285,1.7582539682539682,0.7606153846153846,0.1798095238095238,0.49504761904761907,Interior Salish
Salvelinus namaycush,11.685714285714285,1.7582539682539682,0.7606153846153846,0.1798095238095238,0.49504761904761907,Tillamook
Salvelinus namaycush,11.685714285714285,1.7582539682539682,0.7606153846153846,0.1798095238095238,0.49504761904761907,Nass-Gitksan
Salvelinus namaycush,11.685714285714285,1.7582539682539682,0.7606153846153846,0.1798095238095238,0.49504761904761907,Tsimshian
Salvelinus namaycush,11.685714285714285,1.7582539682539682,0.7606153846153846,0.1798095238095238,0.49504761904761907,Haida
Salvelinus namaycush,11.685714285714285,1.7582539682539682,0.7606153846153846,0.1798095238095238,0.49504761904761907,Tlingit
Salvelinus namaycush,11.685714285714285,1.7582539682539682,0.7606153846153846,0.1798095238095238,0.49504761904761907,Kwakiutl
Salvelinus namaycush,11.685714285714285,1.7582539682539682,0.7606153846153846,0.1798095238095238,0.49504761904761907,Nootkan
Salvelinus namaycush,11.685714285714285,1.7582539682539682,0.7606153846153846,0.1798095238095238,0.49504761904761907,Cree
Salvelinus namaycush,11.685714285714285,1.7582539682539682,0.7606153846153846,0.1798095238095238,0.49504761904761907,Montagnais-Naskapi
Salvelinus namaycush,11.685714285714285,1.7582539682539682,0.7606153846153846,0.1798095238095238,0.49504761904761907,Ojibwa-Algonquin
Salvelinus namaycush,11.685714285714285,1.7582539682539682,0.7606153846153846,0.1798095238095238,0.49504761904761907,Ahtna
Salvelinus namaycush,11.685714285714285,1.7582539682539682,0.7606153846153846,0.1798095238095238,0.49504761904761907,Carrier
Salvelinus namaycush,11.685714285714285,1.7582539682539682,0.7606153846153846,0.1798095238095238,0.49504761904761907,Chilcotin
Salvelinus namaycush,11.685714285714285,1.7582539682539682,0.7606153846153846,0.1798095238095238,0.49504761904761907,Chipewyan
Salvelinus namaycush,11.685714285714285,1.7582539682539682,0.7606153846153846,0.1798095238095238,0.49504761904761907,Dogrib
Salvelinus namaycush,11.685714285714285,1.7582539682539682,0.7606153846153846,0.1798095238095238,0.49504761904761907,Gwich'in
Salvelinus namaycush,11.685714285714285,1.7582539682539682,0.7606153846153846,0.1798095238095238,0.49504761904761907,Sekani
Salvelinus namaycush,11.685714285714285,1.7582539682539682,0.7606153846153846,0.1798095238095238,0.49504761904761907,Slavey-Hare
Salvelinus namaycush,11.685714285714285,1.7582539682539682,0.7606153846153846,0.1798095238095238,0.49504761904761907,Tahltan-Kaska-Tagish
Salvelinus namaycush,11.685714285714285,1.7582539682539682,0.7606153846153846,0.1798095238095238,0.49504761904761907,Tanaina
Salvelinus namaycush,11.685714285714285,1.7582539682539682,0.7606153846153846,0.1798095238095238,0.49504761904761907,Tutchone
Salvelinus namaycush,11.685714285714285,1.7582539682539682,0.7606153846153846,0.1798095238095238,0.49504761904761907,Metis
Salvelinus namaycush,11.685714285714285,1.7582539682539682,0.7606153846153846,0.1798095238095238,0.49504761904761907,Maliseet-Passamaquoddy
Salvelinus namaycush,11.685714285714285,1.7582539682539682,0.7606153846153846,0.1798095238095238,0.49504761904761907,Micmac
Salvelinus namaycush,11.685714285714285,1.7582539682539682,0.7606153846153846,0.1798095238095238,0.49504761904761907,Huron
Scomber scombrus,8,0.639,1.01,0.4846770888888889,1.1401837777777777,Inuit-Inupiaq
Scomber scombrus,8,0.639,1.01,0.4846770888888889,1.1401837777777777,Nootkan
Scomber scombrus,8,0.639,1.01,0.4846770888888889,1.1401837777777777,Abenaki
Scomber scombrus,8,0.639,1.01,0.4846770888888889,1.1401837777777777,Micmac
Scomber scombrus,8,0.639,1.01,0.4846770888888889,1.1401837777777777,Wampanoag
Sparidae,41,1.92,0.9575,0.1,0.1,Inuit-Inupiaq
Sparidae,41,1.92,0.9575,0.1,0.1,Yupik
Sparidae,41,1.92,0.9575,0.1,0.1,Bella Coola
Sparidae,41,1.92,0.9575,0.1,0.1,Central Salish
Sparidae,41,1.92,0.9575,0.1,0.1,Tsimshian
Sparidae,41,1.92,0.9575,0.1,0.1,Haida
Sparidae,41,1.92,0.9575,0.1,0.1,Tlingit
Sparidae,41,1.92,0.9575,0.1,0.1,Kwakiutl
Sparidae,41,1.92,0.9575,0.1,0.1,Nootkan
Sparidae,41,1.92,0.9575,0.1,0.1,Micmac
Sparidae,41,1.92,0.9575,0.1,0.1,Powhatan
Sparidae,41,1.92,0.9575,0.1,0.1,Wampanoag
Squalus acanthias,11,0.6695,1.25,0.7,1.2,Inuit-Inupiaq
Squalus acanthias,11,0.6695,1.25,0.7,1.2,Quileute
Squalus acanthias,11,0.6695,1.25,0.7,1.2,Central Salish
Squalus acanthias,11,0.6695,1.25,0.7,1.2,Tsimshian
Squalus acanthias,11,0.6695,1.25,0.7,1.2,Haida
Squalus acanthias,11,0.6695,1.25,0.7,1.2,Nootkan
Squalus acanthias,11,0.6695,1.25,0.7,1.2,Slavey-Hare
Squalus acanthias,11,0.6695,1.25,0.7,1.2,Micmac
Squalus acanthias,11,0.6695,1.25,0.7,1.2,Wampanoag
Stenodus leucichthys,10,0.3,0.4,0.2,0.2,Inuit-Inupiaq
Stenodus leucichthys,10,0.3,0.4,0.2,0.2,Yupik
Stenodus leucichthys,10,0.3,0.4,0.2,0.2,Eyak
Stenodus leucichthys,10,0.3,0.4,0.2,0.2,Central Salish
Stenodus leucichthys,10,0.3,0.4,0.2,0.2,Interior Salish
Stenodus leucichthys,10,0.3,0.4,0.2,0.2,Nass-Gitksan
Stenodus leucichthys,10,0.3,0.4,0.2,0.2,Tlingit
Stenodus leucichthys,10,0.3,0.4,0.2,0.2,Cree
Stenodus leucichthys,10,0.3,0.4,0.2,0.2,Montagnais-Naskapi
Stenodus leucichthys,10,0.3,0.4,0.2,0.2,Ojibwa-Algonquin
Stenodus leucichthys,10,0.3,0.4,0.2,0.2,Ahtna
Stenodus leucichthys,10,0.3,0.4,0.2,0.2,Carrier
Stenodus leucichthys,10,0.3,0.4,0.2,0.2,Chilcotin
Stenodus leucichthys,10,0.3,0.4,0.2,0.2,Chipewyan
Stenodus leucichthys,10,0.3,0.4,0.2,0.2,Dogrib
Stenodus leucichthys,10,0.3,0.4,0.2,0.2,Gwich'in
Stenodus leucichthys,10,0.3,0.4,0.2,0.2,Han
Stenodus leucichthys,10,0.3,0.4,0.2,0.2,Ingalik
Stenodus leucichthys,10,0.3,0.4,0.2,0.2,Kolchan
Stenodus leucichthys,10,0.3,0.4,0.2,0.2,Koyukon
Stenodus leucichthys,10,0.3,0.4,0.2,0.2,Sekani
Stenodus leucichthys,10,0.3,0.4,0.2,0.2,Slavey-Hare
Stenodus leucichthys,10,0.3,0.4,0.2,0.2,Tahltan-Kaska-Tagish
Stenodus leucichthys,10,0.3,0.4,0.2,0.2,Tanana
Stenodus leucichthys,10,0.3,0.4,0.2,0.2,Tutchone
Stenodus leucichthys,10,0.3,0.4,0.2,0.2,Metis
Stenodus leucichthys,10,0.3,0.4,0.2,0.2,Beothuk
Stenodus leucichthys,10,0.3,0.4,0.2,0.2,Micmac
Stenodus leucichthys,10,0.3,0.4,0.2,0.2,Huron
Theragra chalcogramma,12.366666666666667,0.3887,0.19333333333333333,0.04919,0.10641613333333333,Inuit-Inupiaq
Theragra chalcogramma,12.366666666666667,0.3887,0.19333333333333333,0.04919,0.10641613333333333,Yupik
Theragra chalcogramma,12.366666666666667,0.3887,0.19333333333333333,0.04919,0.10641613333333333,Bella Coola
Theragra chalcogramma,12.366666666666667,0.3887,0.19333333333333333,0.04919,0.10641613333333333,Central Salish
Theragra chalcogramma,12.366666666666667,0.3887,0.19333333333333333,0.04919,0.10641613333333333,Tsimshian
Theragra chalcogramma,12.366666666666667,0.3887,0.19333333333333333,0.04919,0.10641613333333333,Haida
Theragra chalcogramma,12.366666666666667,0.3887,0.19333333333333333,0.04919,0.10641613333333333,Tlingit
Theragra chalcogramma,12.366666666666667,0.3887,0.19333333333333333,0.04919,0.10641613333333333,Kwakiutl
Theragra chalcogramma,12.366666666666667,0.3887,0.19333333333333333,0.04919,0.10641613333333333,Nootkan
Theragra chalcogramma,12.366666666666667,0.3887,0.19333333333333333,0.04919,0.10641613333333333,Cree
Theragra chalcogramma,12.366666666666667,0.3887,0.19333333333333333,0.04919,0.10641613333333333,Montagnais-Naskapi
Theragra chalcogramma,12.366666666666667,0.3887,0.19333333333333333,0.04919,0.10641613333333333,Abenaki
Theragra chalcogramma,12.366666666666667,0.3887,0.19333333333333333,0.04919,0.10641613333333333,Micmac
Theragra chalcogramma,12.366666666666667,0.3887,0.19333333333333333,0.04919,0.10641613333333333,Wampanoag
Thunnus alalunga,18,0.5,0.6,0.3110266666666667,0.9405600000000001,Inuit-Inupiaq
Thunnus alalunga,18,0.5,0.6,0.3110266666666667,0.9405600000000001,Nootkan
Thunnus alalunga,18,0.5,0.6,0.3110266666666667,0.9405600000000001,Abenaki
Thunnus alalunga,18,0.5,0.6,0.3110266666666667,0.9405600000000001,Micmac
Thunnus alalunga,18,0.5,0.6,0.3110266666666667,0.9405600000000001,Wampanoag
Thymallus arcticus,131.2,0.7,1,0.08233333333333334,0.15651851851851853,Inuit-Inupiaq
Thymallus arcticus,131.2,0.7,1,0.08233333333333334,0.15651851851851853,Central Salish
Thymallus arcticus,131.2,0.7,1,0.08233333333333334,0.15651851851851853,Tlingit
Thymallus arcticus,131.2,0.7,1,0.08233333333333334,0.15651851851851853,Chipewyan
Thymallus arcticus,131.2,0.7,1,0.08233333333333334,0.15651851851851853,Gwich'in
Thymallus arcticus,131.2,0.7,1,0.08233333333333334,0.15651851851851853,Han
Thymallus arcticus,131.2,0.7,1,0.08233333333333334,0.15651851851851853,Ingalik
Thymallus arcticus,131.2,0.7,1,0.08233333333333334,0.15651851851851853,Koyukon
Thymallus arcticus,131.2,0.7,1,0.08233333333333334,0.15651851851851853,Slavey-Hare
Thymallus arcticus,131.2,0.7,1,0.08233333333333334,0.15651851851851853,Tahltan-Kaska-Tagish
Thymallus arcticus,131.2,0.7,1,0.08233333333333334,0.15651851851851853,Tanaina
Thymallus arcticus,131.2,0.7,1,0.08233333333333334,0.15651851851851853,Tanana
Thymallus arcticus,131.2,0.7,1,0.08233333333333334,0.15651851851851853,Tutchone
Thymallus arcticus,131.2,0.7,1,0.08233333333333334,0.15651851851851853,Wampanoag
